"";"soort";"buffer";"percentage";"aantal";"rang_percentage";"rang_aantal"
"1";"hemelboom";50;0,000425660241531984;57;28;21
"2";"hemelboom";75;0,000874177821099235;67;27;21
"3";"hemelboom";100;0,00146834578624246;72;27;20
"4";"hemelboom";125;0,00221760940821908;85;25;20
"5";"hemelboom";150;0,00311807235671347;91;25;19
"6";"hemelboom";200;0,00535025200251133;110;22;19
"7";"hemelboom";300;0,0114998837639112;149;22;17
"8";"hemelboom";400;0,0193723154902359;182;21;17
"9";"hemelboom";500;0,0283626048649634;216;21;17
"10";"zijdeplant";50;1,85726715160497e-05;4;54;48
"11";"zijdeplant";75;4,63074442279315e-05;5;54;49
"12";"zijdeplant";100;8,94924343673058e-05;6;54;47
"13";"zijdeplant";125;0,000146303934683859;6;53;49
"14";"zijdeplant";150;0,000216279120200902;10;53;45
"15";"zijdeplant";200;0,000438633232780511;10;50;48
"16";"zijdeplant";300;0,00116040318589473;14;48;46
"17";"zijdeplant";400;0,00215096270503065;18;48;46
"18";"zijdeplant";500;0,00334601274920915;24;48;46
"19";"struikaster";50;0,000300091165278456;32;32;27
"20";"struikaster";75;0,000648874844803852;33;32;28
"21";"struikaster";100;0,00112007644106709;34;32;29
"22";"struikaster";125;0,00169107172889208;35;31;30
"23";"struikaster";150;0,0023430971772781;36;31;32
"24";"struikaster";200;0,00387789403088565;38;31;35
"25";"struikaster";300;0,00758206929755743;42;28;36
"26";"struikaster";400;0,0116166738402523;47;25;36
"27";"struikaster";500;0,0156362099999987;56;25;36
"28";"waterwaaier";50;0;0;65;65
"29";"waterwaaier";75;0;0;67;67
"30";"waterwaaier";100;0;0;67;67
"31";"waterwaaier";125;6,68243511112035e-08;1;68;62
"32";"waterwaaier";150;3,31087279341711e-06;1;68;63
"33";"waterwaaier";200;2,27718061215419e-05;1;65;64
"34";"waterwaaier";300;8,98014441985647e-05;2;65;63
"35";"waterwaaier";400;0,000192506314704042;2;64;65
"36";"waterwaaier";500;0,000347478547702563;4;63;61
"37";"waterhyacint";50;1,59074362248475e-05;3;57;53
"38";"waterhyacint";75;3,77141835712554e-05;4;56;51
"39";"waterhyacint";100;7,06068280967811e-05;4;55;51
"40";"waterhyacint";125;0,000113827445007518;4;55;52
"41";"waterhyacint";150;0,000164153861853049;4;55;54
"42";"waterhyacint";200;0,000291610272915022;4;55;57
"43";"waterhyacint";300;0,000607720167252004;6;55;56
"44";"waterhyacint";400;0,000983978485644418;9;56;52
"45";"waterhyacint";500;0,00135216595316408;9;56;55
"46";"smalle waterpest";50;0,000794098855275525;73;21;17
"47";"smalle waterpest";75;0,00171644011013417;80;19;17
"48";"smalle waterpest";100;0,00291911872030746;85;18;17
"49";"smalle waterpest";125;0,00436711904143283;93;18;17
"50";"smalle waterpest";150;0,006010360012089;105;18;17
"51";"smalle waterpest";200;0,00979384490674701;121;18;17
"52";"smalle waterpest";300;0,0184797183502316;144;18;19
"53";"smalle waterpest";400;0,0281034098441039;174;17;19
"54";"smalle waterpest";500;0,0379650434113528;202;17;19
"55";"gewone gunnera";50;0;0;65;65
"56";"gewone gunnera";75;0;0;67;67
"57";"gewone gunnera";100;0;0;67;67
"58";"gewone gunnera";125;0;0;69;69
"59";"gewone gunnera";150;0;0;69;69
"60";"gewone gunnera";200;0;0;71;71
"61";"gewone gunnera";300;6,59884096183782e-06;2;71;63
"62";"gewone gunnera";400;3,75174952395288e-05;3;68;63
"63";"gewone gunnera";500;0,000142946862340254;4;67;61
"64";"reuzenberenklauw";50;0,00320181768419464;282;12;8
"65";"reuzenberenklauw";75;0,00626555483073295;308;12;8
"66";"reuzenberenklauw";100;0,00994476084257102;344;12;8
"67";"reuzenberenklauw";125;0,0141805304447186;373;10;8
"68";"reuzenberenklauw";150;0,018940488243203;398;9;8
"69";"reuzenberenklauw";200;0,0298164848092818;458;8;8
"70";"reuzenberenklauw";300;0,0559909899278857;563;8;8
"71";"reuzenberenklauw";400;0,0861205760096928;661;8;8
"72";"reuzenberenklauw";500;0,11930165072771;764;8;8
"73";"grote waternavel";50;0,00102484162625564;59;16;20
"74";"grote waternavel";75;0,0018504224106524;68;16;20
"75";"grote waternavel";100;0,0027939480075488;72;19;20
"76";"grote waternavel";125;0,00382928330469784;73;19;22
"77";"grote waternavel";150;0,00495309409080075;78;20;23
"78";"grote waternavel";200;0,00740417714327655;89;20;22
"79";"grote waternavel";300;0,0126316534428373;118;20;22
"80";"grote waternavel";400;0,0182036838819273;140;22;22
"81";"grote waternavel";500;0,0238319008942601;166;22;22
"82";"reuzenbalsemien";50;0,0102015888596855;490;4;5
"83";"reuzenbalsemien";75;0,0188162178626142;520;4;6
"84";"reuzenbalsemien";100;0,0282554509923254;563;4;6
"85";"reuzenbalsemien";125;0,0381262201559133;599;4;6
"86";"reuzenbalsemien";150;0,048235507978924;636;5;6
"87";"reuzenbalsemien";200;0,0686918331494699;712;5;6
"88";"reuzenbalsemien";300;0,109595881849049;823;6;6
"89";"reuzenbalsemien";400;0,149340138150951;931;6;6
"90";"reuzenbalsemien";500;0,188844840204338;1038;7;6
"91";"verspreidbladige waterpest";50;2,73779953333217e-05;4;52;48
"92";"verspreidbladige waterpest";75;5,82825131752622e-05;6;52;47
"93";"verspreidbladige waterpest";100;0,000106087742130515;6;52;47
"94";"verspreidbladige waterpest";125;0,000165185269312017;7;52;47
"95";"verspreidbladige waterpest";150;0,000228083882859511;7;52;49
"96";"verspreidbladige waterpest";200;0,000363592074927261;7;54;50
"97";"verspreidbladige waterpest";300;0,000674508348346283;7;54;53
"98";"verspreidbladige waterpest";400;0,00105638651921873;8;54;55
"99";"verspreidbladige waterpest";500;0,00164702936717544;8;53;58
"100";"grote waterteunisbloem";50;0,00159194772976469;61;15;19
"101";"grote waterteunisbloem";75;0,00300652625750834;73;15;18
"102";"grote waterteunisbloem";100;0,00461010939790494;80;15;18
"103";"grote waterteunisbloem";125;0,00631885775742915;87;15;19
"104";"grote waterteunisbloem";150;0,00809543700366536;90;15;20
"105";"grote waterteunisbloem";200;0,0116995010133269;108;15;20
"106";"grote waterteunisbloem";300;0,0190352073257205;130;17;20
"107";"grote waterteunisbloem";400;0,0264688810791233;165;18;20
"108";"grote waterteunisbloem";500;0,0339481059565606;192;19;21
"109";"kleine waterteunisbloem";50;0,000272280736044995;4;34;48
"110";"kleine waterteunisbloem";75;0,000363717001382768;4;38;51
"111";"kleine waterteunisbloem";100;0,000431857977964653;4;41;51
"112";"kleine waterteunisbloem";125;0,000485621898976383;4;44;52
"113";"kleine waterteunisbloem";150;0,000529924658094658;4;46;54
"114";"kleine waterteunisbloem";200;0,000604390297769898;6;48;53
"115";"kleine waterteunisbloem";300;0,000841305326144046;7;51;53
"116";"kleine waterteunisbloem";400;0,00112350066226235;9;53;52
"117";"kleine waterteunisbloem";500;0,00152183416495614;11;55;54
"118";"moerasaronskelk";50;0,000101635166235689;8;42;44
"119";"moerasaronskelk";75;0,000212548030670386;8;42;46
"120";"moerasaronskelk";100;0,000356643636362781;9;42;45
"121";"moerasaronskelk";125;0,000525138587039797;10;42;45
"122";"moerasaronskelk";150;0,000719826038296597;10;43;45
"123";"moerasaronskelk";200;0,00118187035145987;12;43;46
"124";"moerasaronskelk";300;0,00220558773841333;16;43;45
"125";"moerasaronskelk";400;0,00338037597441138;24;43;44
"126";"moerasaronskelk";500;0,00467552904760341;30;44;43
"127";"Japans steltgras";50;0;0;65;65
"128";"Japans steltgras";75;0;0;67;67
"129";"Japans steltgras";100;0;0;67;67
"130";"Japans steltgras";125;0;0;69;69
"131";"Japans steltgras";150;0;0;69;69
"132";"Japans steltgras";200;0;0;71;71
"133";"Japans steltgras";300;0;0;72;72
"134";"Japans steltgras";400;0;0;72;72
"135";"Japans steltgras";500;0;0;74;74
"136";"parelvederkruid";50;0,000662989075383875;52;23;22
"137";"parelvederkruid";75;0,00126619045752652;59;23;22
"138";"parelvederkruid";100;0,00200068534197005;66;23;22
"139";"parelvederkruid";125;0,00285663810882045;77;23;21
"140";"parelvederkruid";150;0,00385487489509892;86;22;21
"141";"parelvederkruid";200;0,00625062760819659;100;21;21
"142";"parelvederkruid";300;0,0123046980976984;126;21;21
"143";"parelvederkruid";400;0,019912249832331;161;20;21
"144";"parelvederkruid";500;0,0286710783412659;199;20;20
"145";"ongelijkbladig vederkruid";50;5,65120251477488e-05;10;49;42
"146";"ongelijkbladig vederkruid";75;0,000134300063788176;13;47;42
"147";"ongelijkbladig vederkruid";100;0,000236832136157386;14;47;42
"148";"ongelijkbladig vederkruid";125;0,000360604372719541;14;47;42
"149";"ongelijkbladig vederkruid";150;0,000505161223510975;14;48;43
"150";"ongelijkbladig vederkruid";200;0,000863033068281573;17;47;43
"151";"ongelijkbladig vederkruid";300;0,00193666940583902;21;45;42
"152";"ongelijkbladig vederkruid";400;0,0033423720398666;25;44;43
"153";"ongelijkbladig vederkruid";500;0,00501819095669987;32;42;42
"154";"fraai lampenpoetsersgras";50;0;0;65;65
"155";"fraai lampenpoetsersgras";75;0;0;67;67
"156";"fraai lampenpoetsersgras";100;0;0;67;67
"157";"fraai lampenpoetsersgras";125;0;0;69;69
"158";"fraai lampenpoetsersgras";150;0;0;69;69
"159";"fraai lampenpoetsersgras";200;0;0;71;71
"160";"fraai lampenpoetsersgras";300;0;0;72;72
"161";"fraai lampenpoetsersgras";400;0;0;72;72
"162";"fraai lampenpoetsersgras";500;0;0;74;74
"163";"grote vlotvaren";50;0;0;65;65
"164";"grote vlotvaren";75;0;0;67;67
"165";"grote vlotvaren";100;0;0;67;67
"166";"grote vlotvaren";125;0;0;69;69
"167";"grote vlotvaren";150;0;0;69;69
"168";"grote vlotvaren";200;0;0;71;71
"169";"grote vlotvaren";300;0;0;72;72
"170";"grote vlotvaren";400;0;0;72;72
"171";"grote vlotvaren";500;0;0;74;74
"172";"treurmaina";50;0;0;65;65
"173";"treurmaina";75;0;0;67;67
"174";"treurmaina";100;0;0;67;67
"175";"treurmaina";125;0;0;69;69
"176";"treurmaina";150;0;0;69;69
"177";"treurmaina";200;0;0;71;71
"178";"treurmaina";300;0;0;72;72
"179";"treurmaina";400;0;0;72;72
"180";"treurmaina";500;0;0;74;74
"181";"nijlgans";50;0,0567188390289776;930;1;2
"182";"nijlgans";75;0,0921237563764266;1025;1;1
"183";"nijlgans";100;0,126709992447895;1114;1;1
"184";"nijlgans";125;0,160215528877709;1188;1;1
"185";"nijlgans";150;0,192844022803829;1267;1;1
"186";"nijlgans";200;0,255051864779921;1382;2;1
"187";"nijlgans";300;0,369819524879964;1578;2;1
"188";"nijlgans";400;0,469594495739475;1743;2;1
"189";"nijlgans";500;0,555544941454882;1888;2;1
"190";"Pallas' eekhoorn";50;0;0;65;65
"191";"Pallas' eekhoorn";75;0;0;67;67
"192";"Pallas' eekhoorn";100;0;0;67;67
"193";"Pallas' eekhoorn";125;0;0;69;69
"194";"Pallas' eekhoorn";150;0;0;69;69
"195";"Pallas' eekhoorn";200;0;0;71;71
"196";"Pallas' eekhoorn";300;0;0;72;72
"197";"Pallas' eekhoorn";400;0;0;72;72
"198";"Pallas' eekhoorn";500;1,73602887245085e-05;1;72;68
"199";"Chinese wolhandkrab";50;0,000850056324660086;97;19;15
"200";"Chinese wolhandkrab";75;0,00181078901777224;106;17;16
"201";"Chinese wolhandkrab";100;0,00308091087227601;118;16;16
"202";"Chinese wolhandkrab";125;0,00463322056506309;124;16;16
"203";"Chinese wolhandkrab";150;0,00642221315770352;134;16;16
"204";"Chinese wolhandkrab";200;0,0106561447243896;154;17;16
"205";"Chinese wolhandkrab";300;0,0207667557003483;198;16;15
"206";"Chinese wolhandkrab";400;0,0318207436249785;240;16;15
"207";"Chinese wolhandkrab";500;0,0431324634126062;273;16;15
"208";"zonnebaars";50;0,000766602000264382;65;22;18
"209";"zonnebaars";75;0,0015562578610962;73;22;18
"210";"zonnebaars";100;0,0025429341933778;80;20;18
"211";"zonnebaars";125;0,00370209058068841;88;20;18
"212";"zonnebaars";150;0,00504188100252588;99;19;18
"213";"zonnebaars";200;0,00818115743617561;117;19;18
"214";"zonnebaars";300;0,0157641894860017;147;19;18
"215";"zonnebaars";400;0,0247311216773325;175;19;18
"216";"zonnebaars";500;0,0346312178641172;204;18;18
"217";"Amerikaanse stierkikker";50;0,000458225967304838;23;27;36
"218";"Amerikaanse stierkikker";75;0,000803956246585515;31;30;30
"219";"Amerikaanse stierkikker";100;0,00118317738858492;32;31;31
"220";"Amerikaanse stierkikker";125;0,0015704765868863;36;32;29
"221";"Amerikaanse stierkikker";150;0,00195696616436623;39;32;29
"222";"Amerikaanse stierkikker";200;0,00271003914851687;43;34;30
"223";"Amerikaanse stierkikker";300;0,00408704258941662;50;36;32
"224";"Amerikaanse stierkikker";400;0,00533119640765392;60;39;32
"225";"Amerikaanse stierkikker";500;0,00638514748058394;67;39;34
"226";"Chinese muntjak";50;0,000473631701984674;26;26;31
"227";"Chinese muntjak";75;0,000946184205588774;29;26;32
"228";"Chinese muntjak";100;0,00148745170913771;33;26;30
"229";"Chinese muntjak";125;0,00209386749117926;33;27;33
"230";"Chinese muntjak";150;0,00273407133320731;37;28;30
"231";"Chinese muntjak";200;0,00405265926394953;44;28;29
"232";"Chinese muntjak";300;0,00674591059300815;52;31;30
"233";"Chinese muntjak";400;0,00953244466579845;59;31;34
"234";"Chinese muntjak";500;0,0124733014251694;68;32;32
"235";"beverrat";50;8,42593886056938e-05;16;44;40
"236";"beverrat";75;0,000188426808734158;17;44;40
"237";"beverrat";100;0,000334051497803316;18;44;40
"238";"beverrat";125;0,000518455782135823;18;43;41
"239";"beverrat";150;0,000738189441930392;18;42;41
"240";"beverrat";200;0,00124991190155692;23;42;39
"241";"beverrat";300;0,00257138398555163;24;42;41
"242";"beverrat";400;0,00433236394040471;26;41;41
"243";"beverrat";500;0,006301652628413;33;40;41
"244";"wasbeerhond";50;3,00745665419632e-06;1;64;62
"245";"wasbeerhond";75;5,18565288733239e-06;1;64;62
"246";"wasbeerhond";100;6,87472990883357e-06;1;64;62
"247";"wasbeerhond";125;8,5250502290619e-06;1;64;62
"248";"wasbeerhond";150;1,01716001950919e-05;1;66;63
"249";"wasbeerhond";200;1,34140291122375e-05;1;68;64
"250";"wasbeerhond";300;1,97818464811778e-05;1;69;67
"251";"wasbeerhond";400;2,56428420558321e-05;1;69;67
"252";"wasbeerhond";500;2,99852136150609e-05;1;70;68
"253";"muskusrat";50;0,0051682860203869;148;7;13
"254";"muskusrat";75;0,00904198932553969;162;7;13
"255";"muskusrat";100;0,012975909825778;178;8;13
"256";"muskusrat";125;0,0168118744812016;187;8;13
"257";"muskusrat";150;0,0204886430056474;194;8;13
"258";"muskusrat";200;0,0272605456884335;209;10;13
"259";"muskusrat";300;0,0391344992473937;234;14;13
"260";"muskusrat";400;0,0493729876883191;262;14;13
"261";"muskusrat";500;0,0584049261945582;293;14;13
"262";"gevlekte Amerikaanse rivierkreeft";50;0,00039424367660073;46;29;24
"263";"gevlekte Amerikaanse rivierkreeft";75;0,000832174256819172;50;28;25
"264";"gevlekte Amerikaanse rivierkreeft";100;0,00139063502555504;54;28;24
"265";"gevlekte Amerikaanse rivierkreeft";125;0,00204702661132892;57;28;25
"266";"gevlekte Amerikaanse rivierkreeft";150;0,00278693318831168;61;27;25
"267";"gevlekte Amerikaanse rivierkreeft";200;0,00449394117813748;68;26;25
"268";"gevlekte Amerikaanse rivierkreeft";300;0,00840977108500291;87;23;25
"269";"gevlekte Amerikaanse rivierkreeft";400;0,0127444254075716;112;24;24
"270";"gevlekte Amerikaanse rivierkreeft";500;0,0173567419568391;128;24;24
"271";"rosse stekelstaart";50;0,000535611634486153;24;25;33
"272";"rosse stekelstaart";75;0,000994450815769604;24;25;37
"273";"rosse stekelstaart";100;0,00153874149785994;25;25;37
"274";"rosse stekelstaart";125;0,00217347166083679;26;26;38
"275";"rosse stekelstaart";150;0,00286345237588779;26;26;38
"276";"rosse stekelstaart";200;0,00437203888414989;27;27;38
"277";"rosse stekelstaart";300;0,00775460089191652;33;26;38
"278";"rosse stekelstaart";400;0,0111356719701861;40;27;37
"279";"rosse stekelstaart";500;0,0145240629470825;46;27;38
"280";"Californische rivierkreeft";50;0;0;65;65
"281";"Californische rivierkreeft";75;0;0;67;67
"282";"Californische rivierkreeft";100;0;0;67;67
"283";"Californische rivierkreeft";125;0;0;69;69
"284";"Californische rivierkreeft";150;0;0;69;69
"285";"Californische rivierkreeft";200;3,14866157188333e-07;1;70;64
"286";"Californische rivierkreeft";300;1,15642040162309e-05;1;70;67
"287";"Californische rivierkreeft";400;2,30164066221301e-05;1;71;67
"288";"Californische rivierkreeft";500;4,84578619721581e-05;1;69;68
"289";"rode Amerikaanse rivierkreeft";50;0,000226904863908933;25;36;32
"290";"rode Amerikaanse rivierkreeft";75;0,000459470479603971;28;35;33
"291";"rode Amerikaanse rivierkreeft";100;0,000748692499830203;30;35;34
"292";"rode Amerikaanse rivierkreeft";125;0,00106904217574515;30;36;35
"293";"rode Amerikaanse rivierkreeft";150;0,00140538323828611;32;36;36
"294";"rode Amerikaanse rivierkreeft";200;0,00212935061694159;37;36;36
"295";"rode Amerikaanse rivierkreeft";300;0,00377935095981827;51;38;31
"296";"rode Amerikaanse rivierkreeft";400;0,00558248290441662;60;38;32
"297";"rode Amerikaanse rivierkreeft";500;0,0075609390947725;69;38;31
"298";"marmerkreeft";50;0;0;65;65
"299";"marmerkreeft";75;0;0;67;67
"300";"marmerkreeft";100;0;0;67;67
"301";"marmerkreeft";125;0;0;69;69
"302";"marmerkreeft";150;0;0;69;69
"303";"marmerkreeft";200;2,51166607537301e-06;1;69;64
"304";"marmerkreeft";300;4,89658890070829e-05;2;66;63
"305";"marmerkreeft";400;0,000120315814712606;4;66;60
"306";"marmerkreeft";500;0,000196167067986455;5;65;60
"307";"wasbeer";50;0,000193599807629305;22;38;37
"308";"wasbeer";75;0,000418984158005739;27;37;35
"309";"wasbeer";100;0,000729668067197134;30;36;34
"310";"wasbeer";125;0,00110642890416263;33;35;33
"311";"wasbeer";150;0,00153218022129115;37;35;30
"312";"wasbeer";200;0,00256458711677375;40;35;32
"313";"wasbeer";300;0,00515517705877075;53;34;28
"314";"wasbeer";400;0,00819169867219879;68;34;29
"315";"wasbeer";500;0,0115415407913681;81;34;30
"316";"blauwbandgrondel";50;0,000361476669667813;46;31;24
"317";"blauwbandgrondel";75;0,000735144318291227;51;31;24
"318";"blauwbandgrondel";100;0,00120229796100667;54;30;24
"319";"blauwbandgrondel";125;0,00176337905409971;60;30;24
"320";"blauwbandgrondel";150;0,0024157475804126;65;30;24
"321";"blauwbandgrondel";200;0,00400352216564184;78;29;24
"322";"blauwbandgrondel";300;0,00804094789230069;96;25;24
"323";"blauwbandgrondel";400;0,0130748102652276;111;23;25
"324";"blauwbandgrondel";500;0,0188246760587423;128;23;24
"325";"grijze eekhoorn";50;8,69259228167494e-06;1;62;62
"326";"grijze eekhoorn";75;1,92579065489483e-05;1;61;62
"327";"grijze eekhoorn";100;2,94799984490335e-05;1;61;62
"328";"grijze eekhoorn";125;3,75266443751532e-05;1;61;62
"329";"grijze eekhoorn";150;4,58367293149749e-05;1;63;63
"330";"grijze eekhoorn";200;6,02610723872398e-05;2;63;61
"331";"grijze eekhoorn";300;0,000102305994983251;4;64;60
"332";"grijze eekhoorn";400;0,000203713960361118;4;63;60
"333";"grijze eekhoorn";500;0,000342548324855147;4;64;61
"334";"Amerikaanse voseekhoorn";50;0;0;65;65
"335";"Amerikaanse voseekhoorn";75;0;0;67;67
"336";"Amerikaanse voseekhoorn";100;0;0;67;67
"337";"Amerikaanse voseekhoorn";125;0;0;69;69
"338";"Amerikaanse voseekhoorn";150;0;0;69;69
"339";"Amerikaanse voseekhoorn";200;0;0;71;71
"340";"Amerikaanse voseekhoorn";300;0;0;72;72
"341";"Amerikaanse voseekhoorn";400;0;0;72;72
"342";"Amerikaanse voseekhoorn";500;0;0;74;74
"343";"Siberische grondeekhoorn";50;0,000960470557423846;8;17;44
"344";"Siberische grondeekhoorn";75;0,00163459453903701;9;20;45
"345";"Siberische grondeekhoorn";100;0,00230597829433764;9;22;45
"346";"Siberische grondeekhoorn";125;0,00292207964315617;9;22;46
"347";"Siberische grondeekhoorn";150;0,00350337942184133;10;23;45
"348";"Siberische grondeekhoorn";200;0,00465189696344983;11;25;47
"349";"Siberische grondeekhoorn";300;0,00696040229045039;11;30;48
"350";"Siberische grondeekhoorn";400;0,00934001412404421;12;33;49
"351";"Siberische grondeekhoorn";500;0,0118056383266258;15;33;49
"352";"heilige ibis";50;0,000913435782863236;24;18;33
"353";"heilige ibis";75;0,00162302471157902;26;21;36
"354";"heilige ibis";100;0,00240340845721687;26;21;36
"355";"heilige ibis";125;0,00319844361237541;29;21;36
"356";"heilige ibis";150;0,00396323514262507;31;21;37
"357";"heilige ibis";200;0,00534286539010938;31;23;37
"358";"heilige ibis";300;0,00827014386537857;35;24;37
"359";"heilige ibis";400;0,0112741168950582;40;26;37
"360";"heilige ibis";500;0,0143135121416992;47;28;37
"361";"lettersierschildpad";50;0,00254439487798587;200;14;11
"362";"lettersierschildpad";75;0,00508426053610946;212;14;11
"363";"lettersierschildpad";100;0,00814759485916329;221;14;12
"364";"lettersierschildpad";125;0,0116098578003369;232;14;12
"365";"lettersierschildpad";150;0,0153722050701986;245;14;12
"366";"lettersierschildpad";200;0,0235385662411285;270;14;12
"367";"lettersierschildpad";300;0,0413900363798428;314;13;12
"368";"lettersierschildpad";400;0,0604053037114857;368;12;12
"369";"lettersierschildpad";500;0,0801668542021391;414;12;12
"370";"Aziatische hoornaar (soort)";50;0,00537980775707156;467;6;6
"371";"Aziatische hoornaar (soort)";75;0,011478901085678;539;6;5
"372";"Aziatische hoornaar (soort)";100;0,0193557766933453;617;6;5
"373";"Aziatische hoornaar (soort)";125;0,0287577746003451;698;6;5
"374";"Aziatische hoornaar (soort)";150;0,0395510686659782;772;6;5
"375";"Aziatische hoornaar (soort)";200;0,0643566138117679;883;6;5
"376";"Aziatische hoornaar (soort)";300;0,120648975870709;1113;5;4
"377";"Aziatische hoornaar (soort)";400;0,179738033787538;1243;5;4
"378";"Aziatische hoornaar (soort)";500;0,236495032364202;1403;5;4
"379";"Aziatische boomwurger";50;0;0;65;65
"380";"Aziatische boomwurger";75;1,14074820185369e-07;1;66;62
"381";"Aziatische boomwurger";100;2,98902947481548e-06;1;66;62
"382";"Aziatische boomwurger";125;8,32940085459032e-06;1;66;62
"383";"Aziatische boomwurger";150;1,28095125377134e-05;1;65;63
"384";"Aziatische boomwurger";200;2,03343673665189e-05;1;66;64
"385";"Aziatische boomwurger";300;3,46059640960842e-05;1;67;67
"386";"Aziatische boomwurger";400;5,02146691983852e-05;1;67;67
"387";"Aziatische boomwurger";500;6,92193269093865e-05;1;68;68
"388";"Afghaanse duizendknoop";50;8,3500528666101e-05;13;45;41
"389";"Afghaanse duizendknoop";75;0,000170610844318984;17;45;40
"390";"Afghaanse duizendknoop";100;0,000282854100351943;17;45;41
"391";"Afghaanse duizendknoop";125;0,000416525099262021;19;46;40
"392";"Afghaanse duizendknoop";150;0,000569681807733997;19;45;40
"393";"Afghaanse duizendknoop";200;0,000930460345400483;19;45;41
"394";"Afghaanse duizendknoop";300;0,00187483193366832;21;47;42
"395";"Afghaanse duizendknoop";400;0,00303627546813906;26;47;41
"396";"Afghaanse duizendknoop";500;0,00431635848599586;30;47;43
"397";"watersla";50;7,14851643278281e-05;10;46;42
"398";"watersla";75;0,000157049864136854;10;46;43
"399";"watersla";100;0,000276746594340108;12;46;44
"400";"watersla";125;0,000424342587931238;12;45;44
"401";"watersla";150;0,00059697245188386;13;44;44
"402";"watersla";200;0,00103434201114909;13;44;45
"403";"watersla";300;0,00213473646978195;14;44;46
"404";"watersla";400;0,00319928038889151;16;46;47
"405";"watersla";500;0,00434966301973352;22;46;47
"406";"Afrikaanse klauwkikker";50;0;0;65;65
"407";"Afrikaanse klauwkikker";75;0;0;67;67
"408";"Afrikaanse klauwkikker";100;0;0;67;67
"409";"Afrikaanse klauwkikker";125;0;0;69;69
"410";"Afrikaanse klauwkikker";150;0;0;69;69
"411";"Afrikaanse klauwkikker";200;0;0;71;71
"412";"Afrikaanse klauwkikker";300;0;0;72;72
"413";"Afrikaanse klauwkikker";400;0;0;72;72
"414";"Afrikaanse klauwkikker";500;0;0;74;74
"415";"watercrassula";50;0,0040205773490266;120;9;14
"416";"watercrassula";75;0,00734469613002159;132;9;14
"417";"watercrassula";100;0,0110257190263227;141;9;14
"418";"watercrassula";125;0,0148336399612188;151;9;14
"419";"watercrassula";150;0,0186676077926576;159;10;14
"420";"watercrassula";200;0,0264504921991664;178;11;14
"421";"watercrassula";300;0,042045102680838;203;12;14
"422";"watercrassula";400;0,0579145310127304;227;13;16
"423";"watercrassula";500;0,073813575521338;254;13;16
"424";"invasieve duizendknopen";50;0,00784452438979328;600;5;4
"425";"invasieve duizendknopen";75;0,0157293443991654;680;5;4
"426";"invasieve duizendknopen";100;0,0255597031933091;742;5;4
"427";"invasieve duizendknopen";125;0,0369491193070627;790;5;4
"428";"invasieve duizendknopen";150;0,0496017887743554;838;4;4
"429";"invasieve duizendknopen";200;0,0780214793675395;917;4;4
"430";"invasieve duizendknopen";300;0,143337700552234;1091;4;5
"431";"invasieve duizendknopen";400;0,214245782223267;1228;4;5
"432";"invasieve duizendknopen";500;0,284092917275291;1361;4;5
"433";"Canadese gans";50;0,0564729756373705;758;2;3
"434";"Canadese gans";75;0,0875066312760179;815;2;3
"435";"Canadese gans";100;0,116510729226303;879;2;3
"436";"Canadese gans";125;0,14382429426058;923;2;3
"437";"Canadese gans";150;0,169677258083733;982;3;3
"438";"Canadese gans";200;0,217716803849121;1091;3;3
"439";"Canadese gans";300;0,303382670288;1272;3;3
"440";"Canadese gans";400;0,378541533872783;1422;3;3
"441";"Canadese gans";500;0,445679806670337;1563;3;3
"442";"Amerikaanse nerts";50;2,37275783618698e-05;6;53;47
"443";"Amerikaanse nerts";75;5,18216525246982e-05;6;53;47
"444";"Amerikaanse nerts";100;9,16563420493207e-05;6;53;47
"445";"Amerikaanse nerts";125;0,000142310438639194;6;54;49
"446";"Amerikaanse nerts";150;0,00020512935536836;6;54;50
"447";"Amerikaanse nerts";200;0,000382915072990365;7;52;50
"448";"Amerikaanse nerts";300;0,000893047948238443;10;50;49
"449";"Amerikaanse nerts";400;0,00150384570822812;11;50;50
"450";"Amerikaanse nerts";500;0,00222600655783998;12;50;52
"451";"Noord-Aziatische modderkruiper";50;0;0;65;65
"452";"Noord-Aziatische modderkruiper";75;5,23099379221512e-07;1;65;62
"453";"Noord-Aziatische modderkruiper";100;3,79947582329911e-06;1;65;62
"454";"Noord-Aziatische modderkruiper";125;8,46927182601851e-06;1;65;62
"455";"Noord-Aziatische modderkruiper";150;1,67922537202023e-05;2;64;60
"456";"Noord-Aziatische modderkruiper";200;4,6355533722646e-05;2;64;61
"457";"Noord-Aziatische modderkruiper";300;0,000124586986347239;2;63;63
"458";"Noord-Aziatische modderkruiper";400;0,000169970265975478;2;65;65
"459";"Noord-Aziatische modderkruiper";500;0,000189284995139025;2;66;66
"460";"gestreepte Amerikaanse rivierkreeft";50;3,57960977611633e-05;3;51;53
"461";"gestreepte Amerikaanse rivierkreeft";75;7,92710375945948e-05;4;51;51
"462";"gestreepte Amerikaanse rivierkreeft";100;0,000131714401124134;4;51;51
"463";"gestreepte Amerikaanse rivierkreeft";125;0,000192066042739687;4;51;52
"464";"gestreepte Amerikaanse rivierkreeft";150;0,000254460346883926;5;51;52
"465";"gestreepte Amerikaanse rivierkreeft";200;0,000375813395933791;8;53;49
"466";"gestreepte Amerikaanse rivierkreeft";300;0,000729452973910857;10;53;49
"467";"gestreepte Amerikaanse rivierkreeft";400;0,00129304502309142;11;52;50
"468";"gestreepte Amerikaanse rivierkreeft";500;0,00200561376813194;14;51;50
"469";"moerasanemoon";50;1,65278414101077e-05;4;56;48
"470";"moerasanemoon";75;3,34158669354249e-05;5;58;49
"471";"moerasanemoon";100;5,66740172497654e-05;6;59;47
"472";"moerasanemoon";125;9,193327262819e-05;6;59;49
"473";"moerasanemoon";150;0,000134015272816739;6;59;50
"474";"moerasanemoon";200;0,000251816480247479;7;57;50
"475";"moerasanemoon";300;0,000584686003986793;10;56;49
"476";"moerasanemoon";400;0,00103298046474548;15;55;48
"477";"moerasanemoon";500;0,00152648145848001;19;54;48
"478";"Kaapse waterlelie";50;1,28129545116503e-05;3;59;53
"479";"Kaapse waterlelie";75;3,27763738190737e-05;3;59;57
"480";"Kaapse waterlelie";100;6,04301326383171e-05;4;58;51
"481";"Kaapse waterlelie";125;9,67500555739596e-05;4;58;52
"482";"Kaapse waterlelie";150;0,000143383642921261;4;57;54
"483";"Kaapse waterlelie";200;0,000259959943213699;5;56;55
"484";"Kaapse waterlelie";300;0,000548246312550376;6;57;56
"485";"Kaapse waterlelie";400;0,000930495667117156;8;57;55
"486";"Kaapse waterlelie";500;0,0012744064354276;9;57;55
"487";"egeria";50;1,7966987121176e-05;2;55;58
"488";"egeria";75;3,99497326379808e-05;2;55;59
"489";"egeria";100;6,8533378885533e-05;3;56;58
"490";"egeria";125;0,000105053797283122;4;56;52
"491";"egeria";150;0,000148750049323098;5;56;52
"492";"egeria";200;0,000240737434715689;5;58;55
"493";"egeria";300;0,000460770859599183;6;58;56
"494";"egeria";400;0,000592410439262229;8;59;55
"495";"egeria";500;0,000730800970440649;13;60;51
"496";"moerashyacint";50;0,000157184585946566;29;40;29
"497";"moerashyacint";75;0,0003400263386015;38;40;26
"498";"moerashyacint";100;0,000590310252418773;41;38;26
"499";"moerashyacint";125;0,000896856585348882;42;38;26
"500";"moerashyacint";150;0,00124522803615854;46;37;26
"501";"moerashyacint";200;0,00203736221815141;53;37;26
"502";"moerashyacint";300;0,00409445343217277;61;35;27
"503";"moerashyacint";400;0,0067095578783115;75;35;27
"504";"moerashyacint";500;0,00997421071189191;99;35;27
"505";"Japans hoefblad";50;6,15138436875457e-05;8;47;44
"506";"Japans hoefblad";75;0,00013017350769788;10;48;43
"507";"Japans hoefblad";100;0,000225993259678032;13;48;43
"508";"Japans hoefblad";125;0,000354395101230764;14;48;42
"509";"Japans hoefblad";150;0,000510059690910357;16;47;42
"510";"Japans hoefblad";200;0,000888976668337909;18;46;42
"511";"Japans hoefblad";300;0,00189929235033547;27;46;40
"512";"Japans hoefblad";400;0,00324906112756;31;45;40
"513";"Japans hoefblad";500;0,00468572984461118;35;43;40
"514";"Leidse plant";50;6,65121902298685e-06;2;63;58
"515";"Leidse plant";75;1,35653916253871e-05;2;63;59
"516";"Leidse plant";100;2,25337226708163e-05;2;63;60
"517";"Leidse plant";125;3,36900648248872e-05;2;63;60
"518";"Leidse plant";150;4,6848239945593e-05;2;62;60
"519";"Leidse plant";200;8,06738516386488e-05;3;61;60
"520";"Leidse plant";300;0,000243658111185472;7;61;53
"521";"Leidse plant";400;0,000523239192913752;7;60;58
"522";"Leidse plant";500;0,000845446520158501;7;59;59
"523";"gele maskerbloem";50;0,00027769409616038;33;33;26
"524";"gele maskerbloem";75;0,00055330521254102;37;33;27
"525";"gele maskerbloem";100;0,000906754127027485;40;33;27
"526";"gele maskerbloem";125;0,00133176698700814;42;33;26
"527";"gele maskerbloem";150;0,00182085412271647;46;34;26
"528";"gele maskerbloem";200;0,00298293297885708;50;33;27
"529";"gele maskerbloem";300;0,00597646175456113;68;33;26
"530";"gele maskerbloem";400;0,0095292902591738;77;32;26
"531";"gele maskerbloem";500;0,0137443848771155;103;30;26
"532";"Mantsjoerese wilde rijst";50;9,79107697979939e-06;1;61;62
"533";"Mantsjoerese wilde rijst";75;2,12158113399904e-05;1;60;62
"534";"Mantsjoerese wilde rijst";100;3,7010927237689e-05;1;60;62
"535";"Mantsjoerese wilde rijst";125;5,56333362657899e-05;1;60;62
"536";"Mantsjoerese wilde rijst";150;7,66926650906052e-05;1;60;63
"537";"Mantsjoerese wilde rijst";200;0,000129369943584289;1;60;64
"538";"Mantsjoerese wilde rijst";300;0,0002586697077893;1;60;67
"539";"Mantsjoerese wilde rijst";400;0,000379312102040418;1;61;67
"540";"Mantsjoerese wilde rijst";500;0,000491667408069985;1;62;68
"541";"mahonie";50;0,00425817760426378;232;8;10
"542";"mahonie";75;0,00713565928572356;262;10;10
"543";"mahonie";100;0,0103785413727149;292;10;10
"544";"mahonie";125;0,0139012076516127;329;12;10
"545";"mahonie";150;0,0177069042643811;362;13;9
"546";"mahonie";200;0,0262203187417254;410;13;9
"547";"mahonie";300;0,0468592308909074;515;10;9
"548";"mahonie";400;0,0718070099953168;610;10;9
"549";"mahonie";500;0,100103126609884;705;10;9
"550";"boksdoorn";50;0,000650718357969225;29;24;29
"551";"boksdoorn";75;0,00117312595635508;30;24;31
"552";"boksdoorn";100;0,00177651352293766;32;24;31
"553";"boksdoorn";125;0,00245216050610472;34;24;32
"554";"boksdoorn";150;0,00316934061368155;36;24;32
"555";"boksdoorn";200;0,00467837783316934;40;24;32
"556";"boksdoorn";300;0,00762741727043399;44;27;35
"557";"boksdoorn";400;0,0104918959052486;49;29;35
"558";"boksdoorn";500;0,0132608980759007;57;31;35
"559";"rimpelroos";50;0,00367425187360129;182;11;12
"560";"rimpelroos";75;0,00671936935468158;212;11;11
"561";"rimpelroos";100;0,0101578272956668;237;11;11
"562";"rimpelroos";125;0,0139136725067048;264;11;11
"563";"rimpelroos";150;0,0178938936962987;291;12;11
"564";"rimpelroos";200;0,0263556008773189;339;12;11
"565";"rimpelroos";300;0,0451658397256196;423;11;11
"566";"rimpelroos";400;0,0661345214730467;529;11;11
"567";"rimpelroos";500;0,0894679003468385;615;11;11
"568";"smalle olijfwilg";50;0,000390525282057579;30;30;28
"569";"smalle olijfwilg";75;0,000820352915742012;33;29;28
"570";"smalle olijfwilg";100;0,00132821686019801;37;29;28
"571";"smalle olijfwilg";125;0,00187841779478208;38;29;28
"572";"smalle olijfwilg";150;0,00249529441777143;42;29;28
"573";"smalle olijfwilg";200;0,00389232328003998;45;30;28
"574";"smalle olijfwilg";300;0,00708584961343237;50;29;32
"575";"smalle olijfwilg";400;0,0104289408798969;64;30;30
"576";"smalle olijfwilg";500;0,0138922199907101;68;29;32
"577";"sneeuwbes";50;0,00278668230893143;278;13;9
"578";"sneeuwbes";75;0,0055989962419115;300;13;9
"579";"sneeuwbes";100;0,00915852257598705;321;13;9
"580";"sneeuwbes";125;0,0133145958566267;342;13;9
"581";"sneeuwbes";150;0,0179470797384608;362;11;9
"582";"sneeuwbes";200;0,0282627045372507;408;9;10
"583";"sneeuwbes";300;0,0518704603147254;506;9;10
"584";"sneeuwbes";400;0,0795478475649897;588;9;10
"585";"sneeuwbes";500;0,110109558012204;661;9;10
"586";"vijfbladige wingerd";50;0,000168882285903385;24;39;33
"587";"vijfbladige wingerd";75;0,000356396108259717;28;39;33
"588";"vijfbladige wingerd";100;0,000588554197312257;31;39;33
"589";"vijfbladige wingerd";125;0,000846914536214544;35;39;30
"590";"vijfbladige wingerd";150;0,00113101239335782;36;40;32
"591";"vijfbladige wingerd";200;0,00181786607568212;39;39;34
"592";"vijfbladige wingerd";300;0,00372114584195548;48;39;34
"593";"vijfbladige wingerd";400;0,00634656946241913;64;36;30
"594";"vijfbladige wingerd";500;0,00962332592477728;82;36;29
"595";"valse wingerd";50;0,000247648731395654;50;35;23
"596";"valse wingerd";75;0,000515121769251408;58;34;23
"597";"valse wingerd";100;0,000867168652543025;62;34;23
"598";"valse wingerd";125;0,00129851632694267;69;34;23
"599";"valse wingerd";150;0,00182760542445134;80;33;22
"600";"valse wingerd";200;0,00312955624896385;89;32;22
"601";"valse wingerd";300;0,00654124076696925;107;32;23
"602";"valse wingerd";400;0,0106731298734225;126;28;23
"603";"valse wingerd";500;0,0153662607143625;153;26;23
"604";"sikahert";50;0,000220678503128061;3;37;53
"605";"sikahert";75;0,000436388768305268;4;36;51
"606";"sikahert";100;0,000688547614848393;4;37;51
"607";"sikahert";125;0,000937477659463644;4;37;52
"608";"sikahert";150;0,00117780357634917;4;38;54
"609";"sikahert";200;0,00168490546235666;4;40;57
"610";"sikahert";300;0,00264631225392591;8;41;52
"611";"sikahert";400;0,00356413440073082;9;42;52
"612";"sikahert";500;0,00452560174514301;12;45;52
"613";"Chinese moerasslak";50;1,34128021530652e-05;2;58;58
"614";"Chinese moerasslak";75;3,38514537774356e-05;2;57;59
"615";"Chinese moerasslak";100;6,31255486910002e-05;2;57;60
"616";"Chinese moerasslak";125;9,99554411184764e-05;2;57;60
"617";"Chinese moerasslak";150;0,000141606296689101;2;58;60
"618";"Chinese moerasslak";200;0,000235250160574693;2;59;61
"619";"Chinese moerasslak";300;0,000420673301085569;3;59;62
"620";"Chinese moerasslak";400;0,000664369124474344;3;58;63
"621";"Chinese moerasslak";500;0,000928025263085573;3;58;65
"622";"Chinese prachtslang";50;0;0;65;65
"623";"Chinese prachtslang";75;0;0;67;67
"624";"Chinese prachtslang";100;0;0;67;67
"625";"Chinese prachtslang";125;0;0;69;69
"626";"Chinese prachtslang";150;0;0;69;69
"627";"Chinese prachtslang";200;0;0;71;71
"628";"Chinese prachtslang";300;0;0;72;72
"629";"Chinese prachtslang";400;0;0;72;72
"630";"Chinese prachtslang";500;5,8864606136088e-06;2;73;66
"631";"Turkse rivierkreeft";50;3,74197335277334e-05;3;50;53
"632";"Turkse rivierkreeft";75;8,07453325374979e-05;4;50;51
"633";"Turkse rivierkreeft";100;0,000134803841399346;4;50;51
"634";"Turkse rivierkreeft";125;0,00019410163921534;4;50;52
"635";"Turkse rivierkreeft";150;0,000260446161155944;4;50;54
"636";"Turkse rivierkreeft";200;0,000413470440772511;4;51;57
"637";"Turkse rivierkreeft";300;0,000822745423546122;4;52;60
"638";"Turkse rivierkreeft";400;0,001313687745958;4;51;60
"639";"Turkse rivierkreeft";500;0,00181337068077649;4;52;61
"640";"Amerikaanse vogelkers";50;0,0323596080287661;942;3;1
"641";"Amerikaanse vogelkers";75;0,0633749899842546;1006;3;2
"642";"Amerikaanse vogelkers";100;0,0996943445843723;1067;3;2
"643";"Amerikaanse vogelkers";125;0,13890382534142;1130;3;2
"644";"Amerikaanse vogelkers";150;0,179387984449345;1183;2;2
"645";"Amerikaanse vogelkers";200;0,260304914326889;1278;1;2
"646";"Amerikaanse vogelkers";300;0,407225524625171;1462;1;2
"647";"Amerikaanse vogelkers";400;0,524112588710335;1621;1;2
"648";"Amerikaanse vogelkers";500;0,616316222311456;1733;1;2
"649";"zwartbekgrondel";50;8,66633774366893e-05;17;43;39
"650";"zwartbekgrondel";75;0,000195242667135722;24;43;37
"651";"zwartbekgrondel";100;0,000349291913005406;25;43;37
"652";"zwartbekgrondel";125;0,000532958131625061;29;41;36
"653";"zwartbekgrondel";150;0,000746269130381936;33;41;35
"654";"zwartbekgrondel";200;0,00125987277894069;41;41;31
"655";"zwartbekgrondel";300;0,00264795673840143;53;40;28
"656";"zwartbekgrondel";400;0,00438002679738399;69;40;28
"657";"zwartbekgrondel";500;0,00605244933469733;83;41;28
"658";"Kesslergrondel";50;1,07138799936743e-05;2;60;58
"659";"Kesslergrondel";75;1,75908279580354e-05;3;62;57
"660";"Kesslergrondel";100;2,49814221523952e-05;3;62;58
"661";"Kesslergrondel";125;3,44473617257456e-05;4;62;52
"662";"Kesslergrondel";150;4,73655065579385e-05;4;61;54
"663";"Kesslergrondel";200;8,02136966989485e-05;6;62;53
"664";"Kesslergrondel";300;0,00018633712692743;6;62;56
"665";"Kesslergrondel";400;0,000338991302611027;7;62;58
"666";"Kesslergrondel";500;0,000520062287914847;9;61;55
"667";"Pontische stroomgrondel";50;0;0;65;65
"668";"Pontische stroomgrondel";75;0;0;67;67
"669";"Pontische stroomgrondel";100;0;0;67;67
"670";"Pontische stroomgrondel";125;1,46643350835284e-06;1;67;62
"671";"Pontische stroomgrondel";150;5,77653339418948e-06;1;67;63
"672";"Pontische stroomgrondel";200;1,73158196653787e-05;1;67;64
"673";"Pontische stroomgrondel";300;2,53173501497592e-05;1;68;67
"674";"Pontische stroomgrondel";400;2,53173501497592e-05;1;70;67
"675";"Pontische stroomgrondel";500;2,53173501497592e-05;1;71;68
"676";"marmergrondel";50;5,81922523223923e-05;4;48;48
"677";"marmergrondel";75;0,000120369252452111;4;49;51
"678";"marmergrondel";100;0,000198562584925565;4;49;51
"679";"marmergrondel";125;0,00027980336567898;7;49;47
"680";"marmergrondel";150;0,000360652568239754;10;49;45
"681";"marmergrondel";200;0,000549383033264289;16;49;44
"682";"marmergrondel";300;0,00107272100470282;17;49;44
"683";"marmergrondel";400;0,00173452394966674;22;49;45
"684";"marmergrondel";500;0,0025440378251153;26;49;45
"685";"late guldenroede";50;0,00399122132344838;325;10;7
"686";"late guldenroede";75;0,00840995797534585;368;8;7
"687";"late guldenroede";100;0,0141558388066006;420;7;7
"688";"late guldenroede";125;0,0210947741617741;463;7;7
"689";"late guldenroede";150;0,0290474328060979;495;7;7
"690";"late guldenroede";200;0,0474884045238076;556;7;7
"691";"late guldenroede";300;0,091973468496775;687;7;7
"692";"late guldenroede";400;0,142324105087469;824;7;7
"693";"late guldenroede";500;0,195873012089247;965;6;7
"694";"Canadese guldenroede";50;0,000797899842613688;91;20;16
"695";"Canadese guldenroede";75;0,00175442094076543;108;18;15
"696";"Canadese guldenroede";100;0,00302000602792853;120;17;15
"697";"Canadese guldenroede";125;0,00455497515397279;129;17;15
"698";"Canadese guldenroede";150;0,00633044118112542;138;17;15
"699";"Canadese guldenroede";200;0,0106904682740495;164;16;15
"700";"Canadese guldenroede";300;0,0218833738049432;195;15;16
"701";"Canadese guldenroede";400;0,0352905685691693;242;15;14
"702";"Canadese guldenroede";500;0,0503754195570055;287;15;14
"703";"Amerikaanse hondsvis";50;0,000137898079138763;18;41;38
"704";"Amerikaanse hondsvis";75;0,000304228800139242;20;41;39
"705";"Amerikaanse hondsvis";100;0,000528048829844811;21;40;39
"706";"Amerikaanse hondsvis";125;0,0008101252019848;21;40;39
"707";"Amerikaanse hondsvis";150;0,00114639790067396;22;39;39
"708";"Amerikaanse hondsvis";200;0,00192205233961965;22;38;40
"709";"Amerikaanse hondsvis";300;0,00392201124242523;30;37;39
"710";"Amerikaanse hondsvis";400;0,00631469827008901;32;37;39
"711";"Amerikaanse hondsvis";500;0,0090034677967224;36;37;39
