soort,species,abbr,inHBTRL,inBE2100016,inBE2100024,inBE2100026,inBE2100040,inBE2200028,inBE2200031,inBE2200033,inBE2200038,inBE2300005,inBE2300006,inBE2300007,inBE2300044,inBE2400014,inBE2500002,inBE2100015,inBE2100017,inBE2100019,inBE2100020,inBE2100045,inBE2200029,inBE2200030,inBE2200032,inBE2200034,inBE2200035,inBE2200036,inBE2200037,inBE2200039,inBE2200041,inBE2200042,inBE2200043,inBE2400008,inBE2400009,inBE2400010,inBE2400011,inBE2400012,inBE2500001,inBE2500003,inBE2500004,ofHBTRL,ofBE2100016,ofBE2100024,ofBE2100026,ofBE2100040,ofBE2200028,ofBE2200031,ofBE2200033,ofBE2200038,ofBE2300005,ofBE2300006,ofBE2300007,ofBE2300044,ofBE2400014,ofBE2500002,ofBE2100015,ofBE2100017,ofBE2100019,ofBE2100020,ofBE2100045,ofBE2200029,ofBE2200030,ofBE2200032,ofBE2200034,ofBE2200035,ofBE2200036,ofBE2200037,ofBE2200039,ofBE2200041,ofBE2200042,ofBE2200043,ofBE2400008,ofBE2400009,ofBE2400010,ofBE2400011,ofBE2400012,ofBE2500001,ofBE2500003,ofBE2500004,selHBTRL,selBE2100016,selBE2100024,selBE2100026,selBE2100040,selBE2200028,selBE2200031,selBE2200033,selBE2200038,selBE2300005,selBE2300006,selBE2300007,selBE2300044,selBE2400014,selBE2500002,selBE2100015,selBE2100017,selBE2100019,selBE2100020,selBE2100045,selBE2200029,selBE2200030,selBE2200032,selBE2200034,selBE2200035,selBE2200036,selBE2200037,selBE2200039,selBE2200041,selBE2200042,selBE2200043,selBE2400008,selBE2400009,selBE2400010,selBE2400011,selBE2400012,selBE2500001,selBE2500003,selBE2500004
heilige ibis,"Threskiornis aethiopicus Latham, 1790",Ta,0.350187,0.004359, 0.034861,0.000410,0.005715, 0.008718, 0.083980,0.004359,0.009772,0.000358,0.033329,0.030533,0.004359, 0.114119, 0.015316,0,0,0,0,0,0,0,0,0,0,0,0,0,0,0,0,0,0,0,0,0,0,0,0,0.002402,0.001372, 0.006923,0.000060,0.000956, 0.011723, 0.016679,0.001245,0.002704,0.000076,0.002680,0.003964,0.001751, 0.016741, 0.005912,0,0,0,0,0,0,0,0,0,0,0,0,0,0,0,0,0,0,0,0,0,0,0,0,4.544332,2.596509,13.097859,0.114406,1.808254,22.179242,31.554556,2.354531,5.115013,0.144566,5.071220,7.500421,3.313321,31.673165,11.185166,0,0,0,0,0,0,0,0,0,0,0,0,0,0,0,0,0,0,0,0,0,0,0,0
nijlgans,"Alopochen aegyptiacus Linnaeus, 1766",Aae,0.151983,0.001513,0.008609,0.008199,0.008667,0.001300,0.005308,0.003107,0.002630,0.005969,0.024650,0.003893,0.004815,0.013616,0.007559,0.003819,0.005838,0.002256,0.001006,0.002301,0.002738,0.001218,0.003854,0.002000,0.003094,0.000142,0.002944,0.000772,0.000767,0.001138,0.000250,0.000553,0.001391,0.001586,0.003993,0.002198,0.004399,0.000698,0.003191,0.159258,0.072760,0.261183,0.184740,0.221453,0.267142,0.161044,0.135520,0.111168,0.194530,0.302872,0.077221,0.295537,0.305154,0.445774,0.203629,0.122609,0.356018,0.163283,0.706241,0.036273,0.035575,0.214229,0.117735,0.091035,0.118362,0.415795,0.053386,0.133268,0.181644,0.047952,0.022037,0.083575,0.120812,0.108030,0.107774,0.127991,0.040896,0.114632,1.972257,0.901061,3.234491,2.287818,2.742480,3.308284,1.994368,1.678275,1.376711,2.409059,3.750772,0.956306,3.659934,3.779024,5.520462,2.521740,1.518395,4.408929,2.022102,8.746090,0.449211,0.440559,2.653010,1.458036,1.127372,1.465798,5.149210,0.661129,1.650391,2.249482,0.593841,0.272909,1.034995,1.496142,1.337848,1.334670,1.585045,0.506458,1.419598
rimpelroos,Rosa rugosa Thunb.,Rr,0.184669,0,0.000418,0.006515,0.001303,0.000622,0.002077,0.000462,0.000884,0.001272,0.012780,0.002703,0.002315,0.002830,0.001110,0.000035,0.001792,0.000317,0.000225,0.002306,0.000425,0,0,0,0.000132,0.000001,0.001999,0,0,0.000087,0,0.000695,0.000056,0.000143,0.000447,0, 0.138593,0.001087,0.001037,0.012983,0,0.000851,0.009849,0.002233,0.008577,0.004228,0.001351,0.002508,0.002780,0.010535,0.003597,0.009534,0.004255,0.004391,0.000124,0.002526,0.003359,0.002456,0.047497,0.000378,0,0,0,0.000260,0.000080,0.018940,0,0,0.000936,0,0.001859,0.000224,0.000732,0.000812,0, 0.270551,0.004273,0.002499,2.396423,0,0.156987,1.817864,0.412231,1.583119,0.780455,0.249307,0.462877,0.513167,1.944595,0.663949,1.759860,0.785336,0.810550,0.022863,0.466164,0.620047,0.453289,8.767055,0.069783,0,0,0,0.048030,0.014794,3.496023,0,0,0.172805,0,0.343094,0.041321,0.135133,0.149923,0,49.938601,0.788699,0.461308
Amerikaanse vogelkers,Prunus serotina Ehrh.,Pse,0.270061,0.005427,0.008602,0.016245,0.011384, 0.004451,0.014170,0.007580,0.001950,0.011806,0.007757,0.003177,0.006058,0.022629,0.000019,0.008623,0.015602,0.001529,0.000766,0.002474,0.015021,0.007935,0.004007,0.005051,0.014365,0,0.000878,0.000378,0.001412,0.004496,0.002821,0.002777,0.001636,0.001318,0.012529,0.014591,0.020634,0.005022,0.004938,0.101804,0.093906,0.093887,0.131682,0.104641, 0.328918,0.154662,0.118940,0.029650,0.138414,0.034288,0.022670,0.133763,0.182446,0.000394,0.165408,0.117869,0.086830,0.044760,0.273215,0.071598,0.083384,0.080129,0.106975,0.152030,0,0.044608,0.009400,0.088250,0.258210,0.194898,0.039810,0.035356,0.036123,0.121938,0.257376,0.215984,0.105866,0.063804,3.504542,3.232674,3.231989,4.533061,3.602195,11.322806,5.324149,4.094448,1.020679,4.764802,1.180354,0.780415,4.604696,6.280596,0.013568,5.694057,4.057573,2.989065,1.540843,9.405269,2.464728,2.870460,2.758385,3.682564,5.233546,0,1.535613,0.323602,3.037938,8.888730,6.709238,1.370446,1.217124,1.243508,4.197653,8.860009,7.435133,3.644367,2.196423
reuzenberenklauw,Heracleum mantegazzianum Sommier & Levier,Hm,0.118046,0.001051,0.001448,0.004828,0.002453,0.000225,0.000340,0.000598,0.003458,0.006547,0.009333,0.013276,0.009371,0.006478,0.002224,0.000302,0.005254,0,0.000636,0.000992,0.010927,0.000470,0.001820,0.000903,0.000329,0.000264,0.002751,0.002011,0.000536,0.000880,0.002005,0.000583,0.001917,0.004102,0.004809,0.005532,0.005598,0.002037,0.001762,0.011048,0.004514,0.003924,0.009715,0.005598,0.004126,0.000920,0.002330,0.013057,0.019057,0.010243,0.023521,0.051372,0.012967,0.011713,0.001437,0.009854,0,0.009220,0.027186,0.012931,0.001227,0.009038,0.004746,0.000864,0.019598,0.034701,0.012419,0.008310,0.012542,0.034393,0.002074,0.010287,0.027904,0.011620,0.024226,0.014548,0.010663,0.005652,1.531860,0.625873,0.544113,1.347066,0.776185,0.572074,0.127609,0.323049,1.810325,2.642264,1.420158,3.261209,7.122812,1.797940,1.624081,0.199268,1.366276,0,1.278339,3.769327,1.792901,0.170097,1.253084,0.657986,0.119739,2.717322,4.811371,1.721972,1.152251,1.738974,4.768664,0.287540,1.426290,3.868869,1.611076,3.358981,2.017133,1.478400,0.783669
Canadese gans,"Branta canadensis (Linnaeus, 1758)",Bc,0.208472,0.002921,0.011456,0.014045,0.012025,0.002038,0.007203,0.002798,0.003004,0.006094,0.041016,0.005235,0.004442,0.016353, 0.014670,0.007209,0.008721,0.003406,0.001523, 0.003251,0.003567,0.001233,0.004162,0.001264,0.002021,0.000075,0.003538,0.000334,0.000926,0.000786,0.000263,0.000727,0.002029,0.001351,0.004404,0.001747,0.007767,0.000676,0.004191,0.148179,0.095310,0.235755,0.214661,0.208423,0.283913,0.148233,0.082791,0.086134,0.134711,0.341832,0.070445,0.184944,0.248603, 0.586798,0.260737,0.124224,0.364602,0.167700, 0.676969,0.032058,0.024423,0.156923,0.050492,0.040336,0.042527,0.338918,0.015643,0.109085,0.085067,0.034289,0.019665,0.082683,0.069792,0.080820,0.058105,0.153289,0.026871,0.102115,2.705315,1.740089,4.304198,3.919088,3.805194,5.183422,2.706313,1.511515,1.572556,2.459424,6.240862,1.286115,3.376537,4.538772,10.713238,4.760300,2.267962,6.656571,3.061706,12.359497,0.585278,0.445894,2.864962,0.921832,0.736423,0.776424,6.187660,0.285598,1.991582,1.553084,0.626024,0.359028,1.509555,1.274208,1.475533,1.060835,2.798605,0.490585,1.864327
verspreidbladige waterpest,Lagarosiphon major (Ridley) Moss,Lm,0.153084,0,0,0,0,0,0,0,0,0,0,0, 0.053239,0,0,0,0,0,0,0,0,0,0,0,0,0,0,0,0,0,0,0,0,0,0,0, 0.099845,0,0,0.000091,0,0,0,0,0,0,0,0,0,0,0, 0.001855,0,0,0,0,0,0,0,0,0,0,0,0,0,0,0,0,0,0,0,0,0,0,0, 0.001650,0,0,1.986544,0,0,0,0,0,0,0,0,0,0,0,40.466195,0,0,0,0,0,0,0,0,0,0,0,0,0,0,0,0,0,0,0,0,0,0,0,35.976653,0,0
zonnebaars,"Lepomis gibbosus Linnaeus, 1758",Lgi,0.403969,0.005986, 0.048868,0.028425, 0.090492, 0.013950, 0.034207,0.008736,0.001643,0,0.040983,0.000027,0, 0.044181,0,0,0.020050,0,0.002184, 0.014140,0.005083,0.006281,0.014338,0.002993,0,0,0,0,0,0.002662,0.002953,0,0, 0.012795,0.002993,0,0,0,0,0.004036,0.002745, 0.014135,0.006106, 0.022045, 0.027321, 0.009895,0.003633,0.000662,0,0.004801,0.000005,0, 0.009440,0,0,0.004014,0,0.003379, 0.041381,0.000642,0.001749,0.007599,0.001680,0,0,0,0,0,0.004051,0.005408,0,0, 0.009290,0.000772,0,0,0,0,5.242255,3.565350,18.360171,7.931746,28.634414,35.487472,12.852953,4.718747,0.859978,0,6.235838,0.006684,0,12.262368,0,0,5.214427,0,4.389567,53.750680,0.833987,2.272005,9.870452,2.181885,0,0,0,0,0,5.262002,7.024769,0,0,12.067428,1.002745,0,0,0,0
rosse stekelstaart,"Oxyura jamaicensis Gmelin, 1789",Oj,0.186072,0,0,0,0,0,0.020546,0.015278,0,0.000431,0.033667,0,0,0, 0.021910, 0.061571,0.022917,0,0,0,0,0,0,0,0,0,0,0,0,0,0,0,0,0,0,0,0.009752,0,0,0.000728,0,0,0,0,0,0.002328,0.002489,0,0.000052,0.001545,0,0,0, 0.004826, 0.012263,0.001798,0,0,0,0,0,0,0,0,0,0,0,0,0,0,0,0,0,0,0,0.001060,0,0,2.414631,0,0,0,0,0,7.719807,8.252289,0,0.173950,5.122748,0,0,0,16.000317,40.656393,5.960076,0,0,0,0,0,0,0,0,0,0,0,0,0,0,0,0,0,0,0,3.513859,0,0
sneeuwbes,Symphoricarpos albus (L.) K.Koch,Sa,0.151579,0.001542,0.002069,0.008141,0.005496,0.001275,0.005922,0.000996,0.002334,0.005632,0.011992,0.009062,0.010330,0.007475,0.000132,0.000330,0.003636,0.000441,0, 0.008443,0.003873,0.001541,0.001139,0.000561,0,0.000238,0.001544,0.002330,0,0.000243,0.000766,0.003844,0.000830,0.005137,0.003469,0.003393, 0.035027,0.001542,0.000855,0.007958,0.003715,0.003145,0.009191,0.007036,0.013125,0.009002,0.002177,0.004944,0.009196,0.007383,0.009007,0.031766,0.008394,0.000390,0.000881,0.003826,0.003484,0, 0.129857,0.002571,0.002255,0.003172,0.001656,0,0.009899,0.010929,0.008071,0,0.001940,0.007369,0.007676,0.002497,0.019603,0.004702,0.008335, 0.051062,0.004527,0.001539,1.967014,0.918332,0.777463,2.271762,1.739135,3.244105,2.225107,0.537979,1.221899,2.272860,1.824731,2.226154,7.851436,2.074628,0.096394,0.217649,0.945579,0.861206,0,32.096369,0.635549,0.557315,0.784080,0.409332,0,2.446814,2.701257,1.994798,0,0.479434,1.821291,1.897243,0.617273,4.845161,1.162199,2.060099,12.621002,1.119010,0.380361
parelvederkruid,Myriophyllum aquaticum (Vell.) Verdc.,Mya,0.300544,0.016564,0.005276,0.007248, 0.048445, 0.005802, 0.039817,0.002244,0.000662,0,0.008368,0.014888,0.006078, 0.050631,0,0.002319,0.033143,0,0,0,0.016429,0.000122, 0.024327,0,0.002177,0,0,0, 0.004909,0,0,0,0.000052,0,0,0.006005,0,0,0.005040,0.003875,0.009802,0.001969,0.002009, 0.015230, 0.014666, 0.014864,0.001204,0.000344,0,0.001265,0.003634,0.004590, 0.013962,0,0.001521,0.008564,0,0,0,0.002678,0.000044, 0.016638,0,0.000788,0,0,0, 0.010493,0,0,0,0.000039,0,0,0.003623,0,0,0.002227,3.900124,9.866206,1.982210,2.022327,15.329388,14.761262,14.960744,1.212207,0.346324,0,1.273202,3.657197,4.619643,14.052399,0,1.531323,8.619424,0,0,0,2.695718,0.043969,16.746635,0,0.793251,0,0,0,10.561566,0,0,0,0.038774,0,0,3.646613,0,0,2.241853
late guldenroede,Solidago gigantea Aiton,Sg,0.168717,0.000979,0.006665,0.011636,0.014850,0.001458,0.008808,0.002555,0.000895,0.003288,0.015122,0.009586,0.007431,0.016684,0.000490,0.002209,0.004375,0.000460,0.000614,0.001663,0.006924,0.004217,0.003713,0.001633,0.000822,0, 0.008963,0.000636,0.001112,0.000758,0.001157,0.001175,0.001034,0.004369,0.010037,0.002621,0.006599,0.000910,0.002267,0.016742,0.004457,0.019149,0.024828,0.035932,0.028361,0.025308,0.010554,0.003581,0.010148,0.017594,0.018007,0.043188,0.035408,0.002735,0.011153,0.008700,0.006871,0.009435,0.048354,0.008687,0.011665,0.019543,0.009102,0.002291,0, 0.119861,0.004167,0.018295,0.011466,0.021044,0.004435,0.005885,0.031509,0.025716,0.012169,0.018183,0.005052,0.007710,2.189415,0.582887,2.504193,3.246969,4.699073,3.708995,3.309668,1.380278,0.468253,1.327127,2.300914,2.354880,5.648049,4.630481,0.357610,1.458593,1.137794,0.898587,1.233829,6.323529,1.136054,1.525487,2.555799,1.190392,0.299619,0,15.675093,0.545010,2.392564,1.499460,2.752058,0.579952,0.769654,4.120639,3.363019,1.591413,2.377891,0.660632,1.008330
smalle waterpest,Elodea nuttallii (Planch.) St. John,En,0.351159,0.001540,0.005237, 0.044472, 0.035607,0.003293,0.022007, 0.035844,0,0.007273,0.006982,0,0, 0.053139,0.005075,0,0.026829, 0.022358,0.001970,0.001625,0.004724,0, 0.016979,0.007752,0,0, 0.033696,0,0,0,0,0.001968,0.001970,0,0.006999,0.003820,0,0,0,0.005331,0.001073,0.002302, 0.014518, 0.013181,0.009800,0.009674, 0.022650,0,0.003434,0.001243,0,0, 0.017254,0.004336,0,0.008163, 0.051118,0.004632,0.007227,0.000907,0, 0.013674,0.006612,0,0, 0.068945,0,0,0,0,0.001137,0.001714,0,0.002743,0.002714,0,0,0,4.556947,0.917579,1.967748,12.409357,11.267125,8.376976,8.268815,19.360591,0,2.935097,1.062370,0,0,14.748561,3.706257,0,6.977501,43.694696,3.959227,6.177607,0.775189,0,11.687942,5.651541,0,0,58.932989,0,0,0,0,0.971537,1.465470,0,2.344831,2.319532,0,0,0
mahonie,Mahonia aquifolium (Pursh) Nutt.,Maa,0.137399,0.000009,0.003431,0.006062,0.003073,0.000923,0.003197,0.001039,0.000348,0.003199,0.005945,0.003194,0.003598,0.002478,0.000006,0,0.001986,0.000274,0,0.001838,0.002235,0.000332,0.000558,0,0.000640,0.000085,0.000339,0,0,0.000022,0.000098,0.000526,0.000736,0.000205,0.001342,0.003187, 0.085596,0.000733,0.000165,0.009425,0.000027,0.006814,0.008942,0.005140,0.012410,0.006351,0.002966,0.000963,0.006825,0.004782,0.004147,0.014458,0.003635,0.000025,0,0.002731,0.002831,0,0.036934,0.001939,0.000635,0.002029,0,0.001232,0.004652,0.003136,0,0,0.000225,0.001234,0.001372,0.002894,0.001023,0.002377,0.010229, 0.163040,0.002813,0.000388,1.783014,0.005185,1.288976,1.691611,0.972307,2.347627,1.201386,0.561038,0.182109,1.291082,0.904577,0.784564,2.735060,0.687671,0.004656,0,0.516596,0.535598,0,6.986934,0.366773,0.120194,0.383915,0,0.233000,0.880094,0.593236,0,0,0.042556,0.233444,0.259614,0.547543,0.193610,0.449662,1.934953,30.842586,0.532088,0.073453
grote waternavel,Hydrocotyle ranunculoides L. f.,Hr,0.154047,0.001451,0.004303,0.013710,0.030709,0,0.009828, 0.018797,0.002016,0.005495,0.008858,0.002685,0.001277,0.020085,0.001738,0,0.001240,0,0,0,0.003093,0,0.003679,0,0.001277,0, 0.012089,0,0.001712,0,0,0,0.001486,0,0.003830,0,0.001061,0.001277,0.002353,0.003608,0.001559,0.002918,0.006904,0.017537,0,0.006664, 0.018323,0.001904,0.004002,0.002432,0.001190,0.001751,0.010060,0.002291,0,0.000582,0,0,0,0.000916,0,0.004570,0,0.000839,0, 0.038157,0,0.006649,0,0,0,0.001995,0,0.002316,0,0.000690,0.001672,0.001889,1.999044,0.864085,1.616802,3.825486,9.717234,0,3.692743,10.153033,1.055245,2.217673,1.347852,0.659488,0.970411,5.574539,1.269264,0,0.322534,0,0,0,0.507462,0,2.532351,0,0.465142,0,21.142861,0,3.684076,0,0,0,1.105396,0,1.283181,0,0.382131,0.926465,1.046836
Chinese muntjak,"Muntiacus reevesi Ogilby, 1839",Mr,0.076258,0.014650,0.024554,0.004745,0,0,0,0,0,0.003378,0,0.000307,0,0.010846,0,0,0,0,0, 0.010888,0,0,0,0,0.001237,0,0,0,0,0.000061,0,0,0,0,0,0,0,0.005236,0.000355,0.000435,0.003837,0.004057,0.000582,0,0,0,0,0,0.000600,0,0.000033,0,0.001324,0,0,0,0,0, 0.018201,0,0,0,0,0.000198,0,0,0,0,0.000053,0,0,0,0,0,0,0,0.001671,0.000070,0.989584,8.726342,9.225306,1.323912,0,0,0,0,0,1.363368,0,0.075352,0,3.010367,0,0,0,0,0,41.389379,0,0,0,0,0.450687,0,0,0,0,0.119956,0,0,0,0,0,0,0,3.799606,0.158105
Japans hoefblad,Petasites japonicus (Siebold & Zucc.) Maxim.,Pj,0.058735,0,0,0,0,0,0,0,0,0.003360,0.019590,0, 0.015567,0,0,0.000500,0,0,0.004445,0,0.013759,0,0,0,0,0,0,0,0,0,0,0,0,0,0,0,0,0,0.001513,0.000173,0,0,0,0,0,0,0,0,0.000308,0.000678,0, 0.002691,0,0,0.000075,0,0,0.002033,0,0.000514,0,0,0,0,0,0,0,0,0,0,0,0,0,0,0,0,0,0.000153,0.762198,0,0,0,0,0,0,0,0,1.356074,2.980798,0,11.832306,0,0,0.330461,0,0,8.935853,0,2.257605,0,0,0,0,0,0,0,0,0,0,0,0,0,0,0,0,0,0.673152
hemelboom,Ailanthus altissima (Mill.) Swingle,Aal,0.047082,0,0,0.002035,0,0,0.001163,0,0,0.001195,0.006802,0.001280,0.002339,0.001708,0,0,0.002186,0,0, 0.003293,0.002326,0,0,0,0,0,0.001475,0,0,0,0,0,0.000679,0,0,0,0.020601,0,0,0.001210,0,0,0.001125,0,0,0.000866,0,0,0.000955,0.002050,0.000623,0.003522,0.000939,0,0,0.001126,0,0, 0.024796,0.000756,0,0,0,0,0,0.005110,0,0,0,0,0,0.001000,0,0,0,0.014704,0,0,0.610971,0,0,0.567723,0,0,0.437050,0,0,0.482279,1.035038,0.314432,1.777923,0.474058,0,0,0.568454,0,0,12.517552,0.381711,0,0,0,0,0,2.579791,0,0,0,0,0,0.504976,0,0,0,7.422921,0,0
Amerikaanse hondsvis,"Umbra pygmaea (DeKay, 1842)",Up,0.671977,0,0, 0.158155, 0.194837,  0.039750, 0.130698, 0.040814,0,0,0,0,0,0.020154,0,0,0,0,0,0,0.020154,0.020154,0,0, 0.040308,0, 0.006954,0,0,0,0,0,0,0,0,0,0,0,0,0.000997,0,0, 0.005045, 0.007048,  0.011561, 0.005614, 0.002520,0,0,0,0,0,0.000639,0,0,0,0,0,0,0.000378,0.000833,0,0, 0.001679,0, 0.001390,0,0,0,0,0,0,0,0,0,0,0,0,8.720153,0,0,44.131180,61.652094,101.124070,49.108300,22.044926,0,0,0,0,0,5.593640,0,0,0,0,0,0,3.306890,7.290209,0,0,14.685266,0,12.161705,0,0,0,0,0,0,0,0,0,0,0,0
Chinese wolhandkrab,"Eriocheir sinensis H. Milne Edwards, 1854",Es,0.228617,0,0.001482,0.023110,0.022175,0,0,0,0,0.002418, 0.120148,0.001004,0.002819,0.022345,0.004053,0,0.007998,0,0, 0.005262,0,0,0,0,0,0,0,0,0,0,0,0,0,0.000131,0.002718,0.005469,0.006007,0,0.001482,0.004614,0,0.000866,0.010028,0.010912,0,0,0,0,0.001517, 0.028430,0.000383,0.003332,0.009644,0.004603,0,0.003235,0,0, 0.031107,0,0,0,0,0,0,0,0,0,0,0,0,0,0.000192,0.001416,0.005164,0.003366,0,0.001025,2.966736,0,0.556662,6.448498,7.016816,0,0,0,0,0.975737,18.281479,0.246523,2.142599,6.201637,2.959847,0,2.079927,0,0,20.003087,0,0,0,0,0,0,0,0,0,0,0,0,0,0.123618,0.910625,3.320753,2.164341,0,0.659051
invasieve duizendknopen,"Reynoutria japonica Houtt.,Reynoutria sachalinensis (F.Schmidt) Nakai,Reynoutria ×bohemica Chrtek & Chrtková",Rj,0.118801,0.001682,0.004930,0.007152,0.006678,0.001156,0.006268,0.001615,0.001000,0.002063,0.021371,0.005994,0.004818,0.005288,0.000201,0.001726,0.005050,0.000627,0.000288,0.001875,0.004405,0.001716,0.003580,0.000951,0.000843,0.000047,0.004010,0.000092,0.001479,0.000807,0.001767,0.000899,0.001714,0.002386,0.005916,0.002963,0.002419,0.001788,0.001241,0.028890,0.018777,0.034708,0.037399,0.039599,0.055132,0.044135,0.016345,0.009808,0.015600,0.060936,0.027594,0.068623,0.027501,0.002755,0.021351,0.024610,0.022946,0.010839,0.133537,0.013545,0.011635,0.046181,0.012986,0.005754,0.009102,0.131412,0.001475,0.059619,0.029878,0.078742,0.008316,0.023905,0.042165,0.037143,0.033715,0.016334,0.024311,0.010343,1.541666,1.002017,1.852162,1.995755,2.113124,2.942062,2.355201,0.872227,0.523414,0.832462,3.251785,1.472494,3.661954,1.467527,0.146992,1.139386,1.313262,1.224490,0.578405,7.125989,0.722794,0.620862,2.464391,0.692979,0.307074,0.485739,7.012591,0.078716,3.181460,1.594371,4.201960,0.443762,1.275655,2.250085,1.982088,1.799129,0.871663,1.297316,0.551934
Siberische grondeekhoorn,"Tamias sibiricus Laxmann, 1769",Tsi,0.684543,0,0,0,0,0,0,0,0,0,0,0,0,0,0,0,0,0,0,0,0,0,0,0,0,0,0,0,0,0,0,  0.538245,0,0,0,0, 0.146297,0,0,0.001659,0,0,0,0,0,0,0,0,0,0,0,0,0,0,0,0,0,0,0,0,0,0,0,0,0,0,0,0,0,0,  0.049619,0,0,0,0, 0.009846,0,0,8.883217,0,0,0,0,0,0,0,0,0,0,0,0,0,0,0,0,0,0,0,0,0,0,0,0,0,0,0,0,0,0,265.665198,0,0,0,0,52.714783,0,0
boksdoorn,Lycium barbarum L.,Lb,0.396135,0,0,0,0,0,0,0,0,0,0.000384,0,0,0,0.000186,0,0,0,0,0,0,0,0,0,0,0,0,0,0,0,0,0,0,0,0,0,  0.395564,0,0,0.003831,0,0,0,0,0,0,0,0,0,0.000044,0,0,0,0.000101,0,0,0,0,0,0,0,0,0,0,0,0,0,0,0,0,0,0,0,0,0,  0.106221,0,0,5.140583,0,0,0,0,0,0,0,0,0,0.058505,0,0,0,0.136102,0,0,0,0,0,0,0,0,0,0,0,0,0,0,0,0,0,0,0,0,0,142.532057,0,0
muskusrat,"Ondatra zibethicus Linnaeus, 1766",Oz,0.105031,0,0,0.000144,0.000887, 0.004519,0,0,0.000243,0.000625,0.001588,0.023586,0.000944,0.005683, 0.020682,0,0,0.000210,0.000148,0,0.002190,0,0.007272,0,0,0,0,0,0,0.003762,0,0,0.005105,0,0.022135,0.000877,0.002027,0.002351,0.000052,0.014933,0,0,0.000440,0.003076, 0.125963,0,0,0.001393,0.002762,0.002647,0.063481,0.007864,0.017280, 0.165487,0,0,0.004503,0.003256,0,0.003937,0,0.054851,0,0,0,0,0,0,0.081491,0,0,0.041616,0,0.081257,0.005837,0.008001,0.018695,0.000254,1.362972,0,0,0.040148,0.280725,11.496731,0,0,0.127157,0.252111,0.241574,5.793928,0.717748,1.577193,15.104137,0,0,0.410978,0.297135,0,0.359350,0,5.006257,0,0,0,0,0,0,7.437727,0,0,3.798368,0,7.416358,0.532717,0.730232,1.706349,0.023197
lettersierschildpad,"Trachemys scripta Schoepff, 1792",Tsc,0.232929,0.003290,0.005396,0.009684,0.006028,0.003462,0.009731,0.005016,0.001309,0.014337,0.043594,0.009693,0.010076,0.018926,0.000076,0.004986,0.003190,0.001368,0.000968, 0.020454,0.000812,0,0.005121,0.002898,0.001624,0, 0.007822,0,0.002334,0.000677,0,0.005541,0.006287,0.002419,0.010561,0.001328,0.004245,0.004493,0.005181,0.007196,0.004666,0.004827,0.006433,0.004541,0.020970,0.008705,0.006450,0.001632,0.013775,0.015792,0.005669,0.018233,0.012505,0.000131,0.007838,0.001975,0.006363,0.004632, 0.185108,0.000317,0,0.008393,0.005030,0.001409,0, 0.032570,0,0.011957,0.003188,0,0.006511,0.011137,0.005431,0.008424,0.001919,0.003641,0.007763,0.005487,3.022690,1.959871,2.027368,2.702206,1.907566,8.808398,3.656467,2.709283,0.685412,5.786242,6.633121,2.381194,7.658489,5.252817,0.055192,3.292426,0.829638,2.672598,1.945574,77.753246,0.133274,0,3.525210,2.112922,0.591723,0,13.680710,0,5.022544,1.338914,0,2.734856,4.678095,2.281459,3.538337,0.806250,1.529452,3.260768,2.304665
smalle olijfwilg,Elaeagnus angustifolia L.,Ea,0.253194,0,0,0,0,0,0,0,0,0,0.063555,0,0.003955,0,0.000135,0,0,0,0, 0.007849,0,0,0,0,0,0,0,0,0,0,0,0,0,0,0,0, 0.177699,0,0,0.001914,0,0,0,0,0,0,0,0,0,0.005633,0,0.001751,0,0.000057,0,0,0,0, 0.017381,0,0,0,0,0,0,0,0,0,0,0,0,0,0,0,0, 0.037298,0,0,3.285664,0,0,0,0,0,0,0,0,0,9.670432,0,3.006474,0,0.098509,0,0,0,0,29.838092,0,0,0,0,0,0,0,0,0,0,0,0,0,0,0,0,64.029774,0,0
watercrassula,Crassula helmsii (Kirk) Cockayne,Ch,0.327267,0.006446, 0.042454,0.008603,0.023693,0.002407,0.012124,0.002606,0,0.018317,0.011043,0.004068,0.003425,0.018406,0.001917,0.005304,0.001291,  0.054913, 0.014306,0.001739,0.005155,0.001057,0, 0.029081,0,0,0.002240,0,0,0.001040,0,0,0,0,0.003657,0.002495,0.025488,0.001003, 0.022990,0.008217,0.007429, 0.030861,0.004644,0.014506,0.011848,0.008814,0.002723,0,0.014303,0.003251,0.001933,0.005037,0.009884,0.002708,0.006776,0.000649,  0.207635, 0.055644,0.012788,0.001636,0.000740,0, 0.041020,0,0,0.007579,0,0,0.003980,0,0,0,0,0.002371,0.002932,0.017770,0.001408, 0.019786,4.246903,3.839472,15.950535,2.400439,7.497230,6.123419,4.555567,1.407552,0,7.392612,1.680292,0.999209,2.603448,5.108647,1.399810,3.502049,0.335656,107.314692,28.759226,6.609424,0.845780,0.382382,0,21.201013,0,0,3.917006,0,0,2.056798,0,0,0,0,1.225275,1.515217,9.184107,0.727863,10.226149
Amerikaanse nerts,"Mustela vison Schreber, 1777",Mvis,0.157740,0,0,0,0,0,0,0,0, 0.045156,0.023731,0.012501,0,0, 0.045816,0,0,0,0,0,0,0,0,0,0,0,0,0,0,0,0,0,0,0,0,0,0,0, 0.030537,0.000154,0,0,0,0,0,0,0,0, 0.001375,0.000272,0.000232,0,0, 0.002525,0,0,0,0,0,0,0,0,0,0,0,0,0,0,0,0,0,0,0,0,0,0,0, 0.001025,2.046976,0,0,0,0,0,0,0,0,18.224152,3.610820,3.070792,0,0,33.459098,0,0,0,0,0,0,0,0,0,0,0,0,0,0,0,0,0,0,0,0,0,0,0,13.583598
Canadese guldenroede,Solidago canadensis L.,Sc,0.238337,0,0.003322,0.010874,0.007047,0,0.011595,0.006539,0.000669,0.002530,0.002951,0.007427, 0.014261, 0.048076,0,0.004724,0.002413,0,0.001428, 0.003982,0.006554,0.002306,0.003797,0.001152,0,0, 0.005753,0,0.002364,0,0.001555,0.001428,0.002321, 0.025630, 0.034390,0.012224,0.007320,0,0.003706,0.004990,0,0.002014,0.004895,0.003597,0,0.007029,0.005698,0.000565,0.001647,0.000724,0.002943, 0.017487, 0.021526,0,0.005032,0.001012,0,0.004632, 0.024418,0.001735,0.001346,0.004216,0.001355,0,0, 0.016231,0,0.008204,0,0.005969,0.001137,0.002786, 0.038996, 0.018588,0.011975,0.004255,0,0.002660,3.092870,0,1.248109,3.034320,2.229934,0,4.356753,3.531851,0.350325,1.020958,0.449032,1.824554,10.839458,13.343223,0,3.119162,0.627424,0,2.871120,15.135709,1.075388,0.834266,2.613516,0.839949,0,0,10.061145,0,5.085618,0,3.699841,0.704939,1.726931,24.172317,11.522117,7.422992,2.637516,0,1.648673
reuzenbalsemien,Impatiens glandulifera Royle,Ig,0.253308,0.000911,0.007906,0.011523,0.009839,0.000154,0.007714,0.009950,0.003958,0.006207,0.050164,0.017627,0.009739,0.008681,0.000087,0,0.019241,0.000306,0.003955,0.000754,0.017535,0.002328,0.004027,0.000888,0.000726,0,0.004239,0.000840,0.001761,0.003224,0.002128,0.001717,0.010547,0.000782,0.021770,0.005535,0.000280,0.000865,0.005396,0.049148,0.008114,0.044415,0.048076,0.046551,0.005862,0.043337,0.080357,0.030980,0.037455,0.114123,0.064742,0.110685,0.036025,0.000950,0,0.074820,0.008928,0.118876,0.042829,0.043020,0.012593,0.041451,0.009681,0.003957,0,0.110849,0.010760,0.056649,0.095296,0.075669,0.012671,0.117342,0.011030,0.109056,0.050256,0.001511,0.009383,0.035885,3.287138,0.542659,2.970563,3.215446,3.113439,0.392034,2.898448,5.374434,2.072026,2.505060,7.632804,4.330105,7.402821,2.409446,0.063528,0,5.004096,0.597122,7.950701,2.864509,2.877240,0.842233,2.772344,0.647459,0.264656,0,7.413846,0.719637,3.788806,6.373602,5.060871,0.847433,7.848059,0.737717,7.293896,3.361230,0.101040,0.627538,2.400044
Chinese prachtslang,"Elaphe taeniura (Cope, 1861)",Et,0.010543,0,0,0,0,0,0,0,0,0,0,0,0,0,0,0,0,0,0,0,0,0,0,0,0,0,0,0,0,0, 0.010543,0,0,0,0,0,0,0,0,0.000011,0,0,0,0,0,0,0,0,0,0,0,0,0,0,0,0,0,0,0,0,0,0,0,0,0,0,0,0,0, 0.002035,0,0,0,0,0,0,0,0,0.136820,0,0,0,0,0,0,0,0,0,0,0,0,0,0,0,0,0,0,0,0,0,0,0,0,0,0,0,0,0,25.078206,0,0,0,0,0,0,0,0
gevlekte Amerikaanse rivierkreeft,"Faxonius limosus Rafinesque, 1817",Fl,0.282286,0.005093, 0.028892, 0.039677, 0.041293, 0.013198,0.024693,0.011578,0,0,0.015500,0.004420, 0.013923,0.016345,0,0,0.009466,0.004420,0, 0.009188,0,0,0.008841,0,0,0, 0.015727,0,0,0.003931,0,0,0.004420, 0.011679,0,0,0,0,0,0.001909,0.001581, 0.005658, 0.005771, 0.006811, 0.017502,0.004836,0.003260,0,0,0.001229,0.000566, 0.005516,0.002365,0,0,0.001283,0.004503,0, 0.018206,0,0,0.003172,0,0,0, 0.014337,0,0,0.004051,0,0,0.001714, 0.005742,0,0,0,0,0,3.663191,3.033872,10.855125,11.071434,13.066442,33.576420,9.277966,6.253686,0,0,2.358448,1.085880,10.582433,4.536578,0,0,2.461792,8.638637,0,34.927310,0,0,6.085937,0,0,0,27.505321,0,0,7.771861,0,0,3.289120,11.015231,0,0,0,0,0
blauwbandgrondel,"Pseudorasbora parva Temminck & Schlegel, 1846",Pp,0.257433,0,0.006483,0.009353, 0.088097,0,0.023769,0,0.007540,0.007093,0.032247,0, 0.018817,0.022221,0,0.006162,0.001569,0,0, 0.004052,0,0,0,0.008104,0,0,0.002942,0,0,0,0,0,0,0.002757,0.008104,0.003733,0,0.004052,0.000338,0.001900,0,0.001385,0.001484, 0.015851,0,0.005078,0,0.002244,0.001628,0.002790,0, 0.008133,0.003507,0,0.002314,0.000232,0,0, 0.008759,0,0,0,0.003360,0,0,0.002926,0,0,0,0,0,0,0.001478,0.001544,0.001289,0,0.001672,0.000086,3.340671,0,2.435615,2.609705,27.876445,0,8.931137,0,3.946778,2.862473,4.906720,0,14.302366,6.167313,0,4.068861,0.408071,0,0,15.403192,0,0,0,5.908125,0,0,5.146218,0,0,0,0,0,0,2.599859,2.715240,2.266941,0,2.940415,0.150411
struikaster,Baccharis halimifolia L.,Bh,0.323970,0,0,0.009671,0,0,0,0,0,0,0,0,0,0, 0.016978,0,0,0,0,0,0,0,0,0,0,0,0,0,0,0,0,0,0,0,0,0,  0.297321,0,0,0.001583,0,0,0.001016,0,0,0,0,0,0,0,0,0,0, 0.004668,0,0,0,0,0,0,0,0,0,0,0,0,0,0,0,0,0,0,0,0,0,  0.040333,0,0,4.204114,0,0,2.698665,0,0,0,0,0,0,0,0,0,0,12.398580,0,0,0,0,0,0,0,0,0,0,0,0,0,0,0,0,0,0,0,0,0,107.132628,0,0
zwartbekgrondel,"Neogobius melanostomus (Pallas, 1814)",Nm,0.092946,0,0.004679,0.022485,0,0,0,0,0,0,0.041835,0,0.002524,0,0.000500,0,0,0,0,0,0,0,0,0,0,0, 0.010628,0,0, 0.007510,0,0,0,0,0,0,0,0,0.002786,0.000518,0,0.000755,0.002695,0,0,0,0,0,0,0.002734,0,0.000824,0,0.000157,0,0,0,0,0,0,0,0,0,0,0, 0.007983,0,0, 0.006376,0,0,0,0,0,0,0,0,0.000532,1.206150,0,1.757794,6.274252,0,0,0,0,0,0,6.365475,0,1.918156,0,0.365354,0,0,0,0,0,0,0,0,0,0,0,18.587148,0,0,14.846524,0,0,0,0,0,0,0,0,1.239355
Amerikaanse stierkikker,"Lithobates (Rana) catesbeianus Shaw, 1802",Lc,0.443360,0,0.017575,0.007433,  0.391581,0,0,0,0,0,0.003793,0,0,0,0,0,0,0,0,0,0,0,0.003479,0,0,0,0,0,0,0,0,0,0,0,0.019498,0,0,0,0,0.003495,0,0.004011,0.001260,  0.075275,0,0,0,0,0,0.000351,0,0,0,0,0,0,0,0,0,0,0,0.001455,0,0,0,0,0,0,0,0,0,0,0,0.003969,0,0,0,0,5.753418,0,6.603213,2.074177,123.907993,0,0,0,0,0,0.577093,0,0,0,0,0,0,0,0,0,0,0,2.394909,0,0,0,0,0,0,0,0,0,0,0,6.532797,0,0,0,0
beverrat,"Myocastor coypus Molina, 1782",Mc,0.470289,0,0.009531,0.017147,0.008573,0,0.010476, 0.142373,0,0.011555,0.027508,0,0,0.013738,0,0,0,0,0,0,0,0,0,0,0,0,  0.178383,0, 0.033859,0,0,0.008573,0,0,0.008573,0,0,0,0,0.001640,0,0.000962,0.001286,0.000729,0,0.001058, 0.020667,0,0.001253,0.001125,0,0,0.001025,0,0,0,0,0,0,0,0,0,0,0,0,  0.083847,0, 0.019578,0,0,0.001137,0,0,0.000772,0,0,0,0,6.102879,0,3.581003,4.784526,2.712843,0,3.936296,76.900637,0,4.663308,4.185606,0,0,3.812836,0,0,0,0,0,0,0,0,0,0,0,0,311.984171,0,72.846855,0,0,4.231571,0,0,2.872452,0,0,0,0
moerashyacint,Pontederia cordata L.,Pco,0.401352,0, 0.030278,0.026634, 0.084342,  0.040532, 0.063994, 0.021145,0,0,0.023569,0.003390,0,0.012162,0,0,0.016587, 0.006337,0, 0.009131,0.038491,0,0.001194,0.006590,0.007255,0,0,0,0,0,0.002653,0,0,0,0,0,0,0.007065,0,0.001821,0, 0.003977,0.002598, 0.009331,  0.036051, 0.008407, 0.003993,0,0,0.001254,0.000291,0,0.001180,0,0,0.001508, 0.004330,0, 0.012136,0.002208,0,0.000287,0.001680,0.000924,0,0,0,0,0,0.002207,0,0,0,0,0,0,0.001793,0,5.208287,0,11.375904,7.431920,26.688298,103.112975,24.044967,11.421406,0,0,3.586273,0.832773,0,3.375474,0,0,4.313780,12.385160,0,34.711742,6.315681,0,0.822145,4.804448,2.643138,0,0,0,0,0,6.311269,0,0,0,0,0,0,5.126969,0
vijfbladige wingerd,Parthenocissus quinquefolia (L.) Planch.,Pq,0.192423,0,0,0.015015,0.003964,0,0.009386,0.004466,0,0,0.006353,0,0,0.014296,0,0,0.005877,0,0, 0.009386,0.005800,0.013162,0,0,0.008219,  0.009768,0,0,0, 0.009386,0,0,0,0, 0.050167,0,0.027177,0,0,0.000613,0,0,0.001029,0.000308,0,0.000866,0.000592,0,0,0.000237,0,0,0.000974,0,0,0.000375,0,0, 0.008759,0.000234,0.001169,0,0,0.000735,  0.024703,0,0,0, 0.004555,0,0,0,0, 0.004126,0,0.002404,0,0,2.497041,0,0,4.189820,1.254390,0,3.526621,2.412066,0,0,0.966592,0,0,3.967918,0,0,1.528497,0,0,35.678763,0.951738,4.761179,0,0,2.994305,100.629306,0,0,0,18.554794,0,0,0,0,16.808257,0,9.792691,0,0
valse wingerd,Parthenocissus inserta (A.Kern.) Fritsch,Pi,0.134646,0,0.011455,0.008594,0.002891, 0.009923,0.013933,0.003630,0.000415,0,0.010483,0.003063,0.000900,0.016430,0,0,0.005037,0,0, 0.004099,0.001440,0.001684,0.001595,0,0.003663, 0.001328,0.001167,0,0,0,0.001972,0.004099,0,0,0.005423,0.001556,0.019864,0,0,0.000982,0,0.002419,0.001348,0.000514, 0.014190,0.002943,0.001102,0.000122,0,0.000897,0.000423,0.000384,0.002563,0,0,0.000736,0,0, 0.008759,0.000133,0.000342,0.000617,0,0.000750, 0.007690,0.001147,0,0,0,0.002636,0.001137,0,0,0.001021,0.000531,0.004023,0,0,1.747277,0,4.303936,2.397913,0.914924,25.244989,5.235312,1.960846,0.217399,0,1.595081,0.752497,0.684004,4.560104,0,0,1.310036,0,0,15.582195,0.236216,0.609251,1.097971,0,1.334523,13.681647,2.040839,0,0,0,4.690488,2.023229,0,0,1.816866,0.944810,7.157393,0,0
Afghaanse duizendknoop,Koenigia polystachya (Wall. ex Meisn.) T.M.Schust. & Reveal,Kp,0.258011, 0.026612,0, 0.084277, 0.034525,0,0.016051, 0.024560,0,0,0,0.006874,0.004588,0,0,0,0.024392, 0.010778,0,0,0,0,0,0,0,0,0,0,0,0,0,0,0,0,0.023793,0,0.001559,0,0,0.000316, 0.001497,0, 0.002221, 0.001032,0,0.000570, 0.001253,0,0,0,0.000160,0.000329,0,0,0,0.000599, 0.001990,0,0,0,0,0,0,0,0,0,0,0,0,0,0,0,0,0.000753,0,0.000053,0,0,3.348171,15.851355,0,23.516513,10.924892,0,6.031063,13.265591,0,0,0,1.688723,3.487044,0,0,0,6.343708,21.062996,0,0,0,0,0,0,0,0,0,0,0,0,0,0,0,0,7.971772,0,0.561879,0,0
grote waterteunisbloem,Ludwigia grandiflora (Michx.) Greuter & Burdet,Lgr,0.225260,0.008766,0, 0.047506,0.020059,0.001498,0.003073,0,0,0.005046,0.022231,0.003130,0.000001, 0.097682,0.003570,0.001112,0.002212,0,0,0.001235,0,0,0.001112,0,0,0,0.002871,0,0,0,0,0,0,0,0.000609,0.000998,0,0.001112,0.001437,0.006057,0.010819,0, 0.027466,0.013151,0.007893,0.002392,0,0,0.004220,0.007009,0.001593,0.000002, 0.056174,0.005402,0.001521,0.001192,0,0,0.009727,0,0,0.001586,0,0,0,0.010405,0,0,0,0,0,0,0,0.000423,0.001256,0,0.001672,0.001325,2.923174,5.221450,0,13.255816,6.347176,3.809631,1.154476,0,0,2.036649,3.382706,0.768789,0.000989,27.111353,2.607374,0.734288,0.575393,0,0,4.694322,0,0,0.765515,0,0,0,5.021612,0,0,0,0,0,0,0,0.203942,0.606094,0,0.806958,0.639270
wasbeer,"Procyon lotor L., 1758",Plo,0.411707,0,0.004490,0, 0.05015,0,0.022993,0.006844,0.001265,0.007673,0.023118,0,0, 0.087758,0,0, 0.119805,0,0,0,0.012200,0,0,0,0.001432,0,0,0,0,0,0,0.018307,0.011638,0.006962,0.014530, 0.020749,0.001793,0,0,0.001485,0,0.000469,0, 0.00441,0,0.002401,0.001027,0.000184,0.000861,0.000978,0,0, 0.006769,0,0, 0.008659,0,0,0,0.000556,0,0,0,0.000145,0,0,0,0,0,0,0.002511,0.002407,0.001825,0.001353, 0.003502,0.000180,0,0,5.342667,0,1.687048,0,15.86895,0,8.639234,3.696704,0.662215,3.096833,3.517606,0,0,24.356850,0,0,31.157434,0,0,0,2.001805,0,0,0,0.521865,0,0,0,0,0,0,9.035727,8.659442,6.566510,4.868375,12.599167,0.646033,0,0
gele maskerbloem,Erythranthe guttata (DC.) G.L.Nesom,Eg,0.187695,0,0.007313,0.020203, 0.032416,0,0.007022,0,0.006092,0.006419,0.030690,0,0,0,0,0,0.014513,0, 0.007278,0,0.019011,0,0,0.004619,0.000005,0,0.003521,0.006419,0,0,0,0,0,0,0.001557,0.012660,0,0,0.007956,0.000874,0,0.000986,0.002023, 0.003682,0,0.000947,0,0.001145,0.000930,0.001676,0,0,0,0,0,0.001355,0, 0.005251,0,0.001120,0,0,0.001209,0.000001,0,0.002210,0.001973,0,0,0,0,0,0,0.000187,0.002759,0,0,0.001270,2.435696,0,2.747734,5.637414,10.257269,0,2.638570,0,3.188715,2.590672,4.669747,0,0,0,0,0,3.774263,0,14.630497,0,3.119376,0,0,3.367759,0.001982,0,6.157347,5.496633,0,0,0,0,0,0,0.521692,7.687577,0,0,3.539162
rode Amerikaanse rivierkreeft,"Procambarus clarkii Girard, 1852",Pcl,0.065936,0,0,0,0.003749,0,0,0,0,0.008212,0.015776,0,0,0.001328, 0.034188,0,0,0,0,0,0,0,0,0.000965,0,0,0,0,0,0,0,0,0,0.001718,0,0,0,0,0,0.000526,0,0,0,0.000729,0,0,0,0,0.002037,0.001475,0,0,0.000226, 0.015343,0,0,0,0,0,0,0,0,0.000432,0,0,0,0,0,0,0,0,0,0.000995,0,0,0,0,0,0.855636,0,0,0,1.186452,0,0,0,0,3.314083,2.400471,0,0,0.368473,24.967175,0,0,0,0,0,0,0,0,0.703569,0,0,0,0,0,0,0,0,0,1.619911,0,0,0,0,0
marmergrondel,"Proterorhinus semilunaris (Heckel, 1837)",Ps,0.220609,0, 0.028039, 0.056221,0.028121,0,0,0,0,0,0,0,0,0,0,0,0,0,0,0,0,0, 0.030379, 0.028121,0,0, 0.024717,0,0, 0.025010,0,0,0,0,0,0,0,0,0,0.000235,0, 0.000863, 0.001285,0.000729,0,0,0,0,0,0,0,0,0,0,0,0,0,0,0,0,0, 0.001714, 0.001680,0,0, 0.003542,0,0, 0.004051,0,0,0,0,0,0,0,0,0,2.862808,0,10.534681,15.687800,8.898355,0,0,0,0,0,0,0,0,0,0,0,0,0,0,0,0,0,20.913012,20.501198,0,0,43.228278,0,0,49.442256,0,0,0,0,0,0,0,0,0
kleine waterteunisbloem,Ludwigia peploides (Kunth) P.H. Raven,Lp,0.071824,0,0,0,0,0,0.020916,0,0,0,0,0,0,0.033097,0,0,0,0,0, 0.017811,0,0,0,0,0,0,0,0,0,0,0,0,0,0,0,0,0,0,0,0.000065,0,0,0,0,0,0.000547,0,0,0,0,0,0,0.000639,0,0,0,0,0, 0.004714,0,0,0,0,0,0,0,0,0,0,0,0,0,0,0,0,0,0,0,0.932051,0,0,0,0,0,7.859018,0,0,0,0,0,0,9.185866,0,0,0,0,0,67.706542,0,0,0,0,0,0,0,0,0,0,0,0,0,0,0,0,0,0,0
egeria,Elodea densa (Planch.) Casp.,Ed,0.136877,0,0,0,0,0, 0.050347,0,0,0,0,0,0,0,0,0,0,0,0,0,0.051163,0,0,0,0,0, 0.035368,0,0,0,0,0,0,0,0,0,0,0,0,0.000081,0,0,0,0,0, 0.000866,0,0,0,0,0,0,0,0,0,0,0,0,0,0.000384,0,0,0,0,0, 0.002831,0,0,0,0,0,0,0,0,0,0,0,0,1.776239,0,0,0,0,0,18.917212,0,0,0,0,0,0,0,0,0,0,0,0,0,8.394888,0,0,0,0,0,61.857018,0,0,0,0,0,0,0,0,0,0,0,0
ongelijkbladig vederkruid,Myriophyllum heterophyllum Michaux,Mh,0.209115, 0.043368, 0.042510,0,0,0,0,0,0,0,0,0,0,0.015786,0,0,0,  0.107451,0,0,0,0,0,0,0,0,0,0,0,0,0,0,0,0,0,0,0,0,0,0.000364, 0.003469, 0.002145,0,0,0,0,0,0,0,0,0,0,0.000588,0,0,0,  0.028199,0,0,0,0,0,0,0,0,0,0,0,0,0,0,0,0,0,0,0,0,0,2.713660,25.831630,15.971543,0,0,0,0,0,0,0,0,0,0,4.381448,0,0,0,209.989613,0,0,0,0,0,0,0,0,0,0,0,0,0,0,0,0,0,0,0,0,0
Aziatische boomwurger,Celastrus orbiculatus Thunb.,Co,0,0,0,0,0,0,0,0,0,0,0,0,0,0,0,0,0,0,0,0,0,0,0,0,0,0,0,0,0,0,0,0,0,0,0,0,0,0,0,0,0,0,0,0,0,0,0,0,0,0,0,0,0,0,0,0,0,0,0,0,0,0,0,0,0,0,0,0,0,0,0,0,0,0,0,0,0,0,0,0,0,0,0,0,0,0,0,0,0,0,0,0,0,0,0,0,0,0,0,0,0,0,0,0,0,0,0,0,0,0,0,0,0,0,0,0,0
zijdeplant,Asclepias syriaca L.,As,0.084276,0,0,0,0,0,0,0,0,0,0,0,0,0.035103,0,0,0,0,0,0,0,0,0,0,0,0,0, 0.049173,0,0,0,0,0,0,0,0,0,0,0,0.000073,0,0,0,0,0,0,0,0,0,0,0,0,0.000653,0,0,0,0,0,0,0,0,0,0,0,0,0, 0.002822,0,0,0,0,0,0,0,0,0,0,0,1.093636,0,0,0,0,0,0,0,0,0,0,0,0,9.742651,0,0,0,0,0,0,0,0,0,0,0,0,0,42.106238,0,0,0,0,0,0,0,0,0,0,0
waterhyacint,Eichhornia crassipes (Martius) Solms,Ec,0.358368,0,0, 0.266707,0,0,0,0,0,0,0,0,0,0,0, 0.091662,0,0,0,0,0,0,0,0,0,0,0,0,0,0,0,0,0,0,0,0,0,0,0,0.000117,0,0, 0.001871,0,0,0,0,0,0,0,0,0,0,0, 0.001521,0,0,0,0,0,0,0,0,0,0,0,0,0,0,0,0,0,0,0,0,0,0,0,4.650497,0,0,74.420997,0,0,0,0,0,0,0,0,0,0,0,60.525541,0,0,0,0,0,0,0,0,0,0,0,0,0,0,0,0,0,0,0,0,0,0,0
watersla,Pistia stratiotes L.,Pst,0.286551,0,0, 0.126464, 0.031704,0,0,0,0,0,0.029405,0,0,0.027410,0,0,0.027410,0,0,0,0,0, 0.027410,0,0,0,0,0,0,0,0,0,0,0,0,0,0.016746,0,0,0.000313,0,0, 0.002966, 0.000843,0,0,0,0,0,0.000376,0,0,0.000639,0,0,0.000599,0,0,0,0,0, 0.001586,0,0,0,0,0,0,0,0,0,0,0,0,0,0.000507,0,0,3.718527,0,0,35.288047,10.032127,0,0,0,0,0,4.474226,0,0,7.607648,0,0,7.128584,0,0,0,0,0,18.869210,0,0,0,0,0,0,0,0,0,0,0,0,0,6.034183,0,0
Californische rivierkreeft,"Pacifastacus leniusculus Dana, 1852",Plen,0,0,0,0,0,0,0,0,0,0,0,0,0,0,0,0,0,0,0,0,0,0,0,0,0,0,0,0,0,0,0,0,0,0,0,0,0,0,0,0,0,0,0,0,0,0,0,0,0,0,0,0,0,0,0,0,0,0,0,0,0,0,0,0,0,0,0,0,0,0,0,0,0,0,0,0,0,0,0,0,0,0,0,0,0,0,0,0,0,0,0,0,0,0,0,0,0,0,0,0,0,0,0,0,0,0,0,0,0,0,0,0,0,0,0,0,0
gestreepte Amerikaanse rivierkreeft,"Procambarus acutus (Girard, 1852)",Pa,0.373977,0,0, 0.088523,0,0,  0.281159,0,0,0,0,0,0,0,0,0,0,0,0,0,0,0,0,0,0.004294,0,0,0,0,0,0,0,0,0,0,0,0,0,0,0.000440,0,0, 0.002240,0,0,  0.009581,0,0,0,0,0,0,0,0,0,0,0,0,0,0,0,0,0,0.000142,0,0,0,0,0,0,0,0,0,0,0,0,0,0,4.853051,0,0,24.701279,0,0,105.642739,0,0,0,0,0,0,0,0,0,0,0,0,0,0,0,0,0,1.564573,0,0,0,0,0,0,0,0,0,0,0,0,0,0
Kaapse waterlelie,Aponogeton distachyos L.f.,Ad,0.036375,0,0,0,0,0,0,0,0,0,0,0,0, 0.036375,0,0,0,0,0,0,0,0,0,0,0,0,0,0,0,0,0,0,0,0,0,0,0,0,0,0.000052,0,0,0,0,0,0,0,0,0,0,0,0, 0.001105,0,0,0,0,0,0,0,0,0,0,0,0,0,0,0,0,0,0,0,0,0,0,0,0,0,0.472028,0,0,0,0,0,0,0,0,0,0,0,0,10.095633,0,0,0,0,0,0,0,0,0,0,0,0,0,0,0,0,0,0,0,0,0,0,0,0,0
grijze eekhoorn,"Sciurus carolinensis Gmelin, 1788",Sca,0,0,0,0,0,0,0,0,0,0,0,0,0,0,0,0,0,0,0,0,0,0,0,0,0,0,0,0,0,0,0,0,0,0,0,0,0,0,0,0,0,0,0,0,0,0,0,0,0,0,0,0,0,0,0,0,0,0,0,0,0,0,0,0,0,0,0,0,0,0,0,0,0,0,0,0,0,0,0,0,0,0,0,0,0,0,0,0,0,0,0,0,0,0,0,0,0,0,0,0,0,0,0,0,0,0,0,0,0,0,0,0,0,0,0,0,0
Mantsjoerese wilde rijst,Zizania latifolia (Griseb.) Hance ex F.Muell.,Zl,0,0,0,0,0,0,0,0,0,0,0,0,0,0,0,0,0,0,0,0,0,0,0,0,0,0,0,0,0,0,0,0,0,0,0,0,0,0,0,0,0,0,0,0,0,0,0,0,0,0,0,0,0,0,0,0,0,0,0,0,0,0,0,0,0,0,0,0,0,0,0,0,0,0,0,0,0,0,0,0,0,0,0,0,0,0,0,0,0,0,0,0,0,0,0,0,0,0,0,0,0,0,0,0,0,0,0,0,0,0,0,0,0,0,0,0,0
Pallas' eekhoorn,"Callosciurus erythraeus Pallas, 1779",Ce,0,0,0,0,0,0,0,0,0,0,0,0,0,0,0,0,0,0,0,0,0,0,0,0,0,0,0,0,0,0,0,0,0,0,0,0,0,0,0,0,0,0,0,0,0,0,0,0,0,0,0,0,0,0,0,0,0,0,0,0,0,0,0,0,0,0,0,0,0,0,0,0,0,0,0,0,0,0,0,0,0,0,0,0,0,0,0,0,0,0,0,0,0,0,0,0,0,0,0,0,0,0,0,0,0,0,0,0,0,0,0,0,0,0,0,0,0
moerasaronskelk,Lysichiton americanus Hultén & H. St. John,La,0.162531,0,0,0,0,0,0.023723, 0.036951,0,0,0,0.023873, 0.021065,0.019068,0,0,0,0,0,0,0,0,0,0,0,0,0,0,0,0, 0.021241,0,0, 0.016610,0,0,0,0,0,0.000247,0,0,0,0,0,0.001043, 0.002335,0,0,0,0.000686, 0.001873,0.000619,0,0,0,0,0,0,0,0,0,0,0,0,0,0,0,0, 0.005911,0,0, 0.001833,0,0,0,0,0,2.109146,0,0,0,0,0,8.913666,19.958278,0,0,0,5.864518,16.011060,5.292329,0,0,0,0,0,0,0,0,0,0,0,0,0,0,0,0,50.523339,0,0,15.666067,0,0,0,0,0
waterwaaier,Cabomba caroliniana Gray,Cca,0.069774,0,0,0,0,0,0,0,0,0,0,0,0,0,0,0,0,0,0,0,0,0,0, 0.020085,0,0, 0.049688,0,0,0,0,0,0,0,0,0,0,0,0,0.000021,0,0,0,0,0,0,0,0,0,0,0,0,0,0,0,0,0,0,0,0,0,0, 0.000336,0,0, 0.001994,0,0,0,0,0,0,0,0,0,0,0,0,0.905443,0,0,0,0,0,0,0,0,0,0,0,0,0,0,0,0,0,0,0,0,0,0,14.642761,0,0,86.902886,0,0,0,0,0,0,0,0,0,0,0,0
Chinese moerasslak,"Cipangopaludina chinensis (J.E.Gray, 1833)",Cch,0.745833,0,0,0, 0.250000,0,  0.495833,0,0,0,0,0,0,0,0,0,0,0,0,0,0,0,0,0,0,0,0,0,0,0,0,0,0,0,0,0,0,0,0,0.000089,0,0,0, 0.000729,0,  0.001717,0,0,0,0,0,0,0,0,0,0,0,0,0,0,0,0,0,0,0,0,0,0,0,0,0,0,0,0,0,0,0,0,9.678571,0,0,0,79.107455,0,186.304053,0,0,0,0,0,0,0,0,0,0,0,0,0,0,0,0,0,0,0,0,0,0,0,0,0,0,0,0,0,0,0,0
Kesslergrondel,"Ponticola kessleri (Günther, 1861)",Pk,0,0,0,0,0,0,0,0,0,0,0,0,0,0,0,0,0,0,0,0,0,0,0,0,0,0,0,0,0,0,0,0,0,0,0,0,0,0,0,0,0,0,0,0,0,0,0,0,0,0,0,0,0,0,0,0,0,0,0,0,0,0,0,0,0,0,0,0,0,0,0,0,0,0,0,0,0,0,0,0,0,0,0,0,0,0,0,0,0,0,0,0,0,0,0,0,0,0,0,0,0,0,0,0,0,0,0,0,0,0,0,0,0,0,0,0,0
wasbeerhond,"Nyctereutes procyonoides Gray, 1834",Np,0,0,0,0,0,0,0,0,0,0,0,0,0,0,0,0,0,0,0,0,0,0,0,0,0,0,0,0,0,0,0,0,0,0,0,0,0,0,0,0,0,0,0,0,0,0,0,0,0,0,0,0,0,0,0,0,0,0,0,0,0,0,0,0,0,0,0,0,0,0,0,0,0,0,0,0,0,0,0,0,0,0,0,0,0,0,0,0,0,0,0,0,0,0,0,0,0,0,0,0,0,0,0,0,0,0,0,0,0,0,0,0,0,0,0,0,0
Aziatische hoornaar (soort),"Vespa velutina Lepeletier, 1836",Vv,0.029250,0.000073,0.000061,0.000450,0.000136,0.000017,0.000097,0.000157,0.000122,0.000947,0.004161,0.005223,0.001226,0.000805,0.000118,0.000087,0.000355,0,0.000002,0.000278,0.000239,0,0,0.000009,0.000179,0.000088,0,0.000094,0.000037,0,0.000058,0.000765,0.001304,0.000289,0.001834,0.000828,0.004497,0.003621,0.001093,0.017295,0.001969,0.001050,0.005719,0.001955,0.001971,0.001660,0.003873,0.002910,0.017414,0.028846,0.058461,0.042456,0.010176,0.003936,0.002604,0.004207,0,0.000177,0.048200,0.001787,0,0,0.000284,0.002972,0.041534,0,0.003654,0.003621,0,0.006294,0.017210,0.044213,0.012412,0.028001,0.022922,0.073832,0.119720,0.022158,0.379576,0.043213,0.023047,0.125510,0.042899,0.043260,0.036440,0.084998,0.063857,0.382192,0.633109,1.283072,0.931798,0.223342,0.086382,0.057143,0.092325,0,0.003886,1.057870,0.039214,0,0,0.006231,0.065221,0.911580,0,0.080199,0.079466,0,0.138129,0.377712,0.970364,0.272422,0.614548,0.503080,1.620439,2.627558,0.486319
Leidse plant,Saururus cernuus L.,Sce,0.194783,0,0,0,0,0,0,0,0,0, 0.194783,0,0,0,0,0,0,0,0,0,0,0,0,0,0,0,0,0,0,0,0,0,0,0,0,0,0,0,0,0.000044,0,0,0,0,0,0,0,0,0, 0.000514,0,0,0,0,0,0,0,0,0,0,0,0,0,0,0,0,0,0,0,0,0,0,0,0,0,0,0,0,2.527666,0,0,0,0,0,0,0,0,0,29.637789,0,0,0,0,0,0,0,0,0,0,0,0,0,0,0,0,0,0,0,0,0,0,0,0,0,0,0,0
treurmaina,"Acridotheres tristis Linnaeus, 1766",At,0.100871,0,0,0,0,0,0,0,0,0,0,0,0,0,0,0,0,0,0,0,0,0,0,0,0,0,  0.100871,0,0,0,0,0,0,0,0,0,0,0,0,0.000009,0,0,0,0,0,0,0,0,0,0,0,0,0,0,0,0,0,0,0,0,0,0,0,0,0,  0.001219,0,0,0,0,0,0,0,0,0,0,0,0,1.308987,0,0,0,0,0,0,0,0,0,0,0,0,0,0,0,0,0,0,0,0,0,0,0,0,0,176.418775,0,0,0,0,0,0,0,0,0,0,0,0
moerasanemoon,Houttuynia cordata Thunb.,Hc,0.056901,0,0,0.023806,0,0,0,0,0,0,0.033096,0,0,0,0,0,0,0,0,0,0,0,0,0,0,0,0,0,0,0,0,0,0,0,0,0,0,0,0,0.000066,0,0,0.000590,0,0,0,0,0,0,0.000447,0,0,0,0,0,0,0,0,0,0,0,0,0,0,0,0,0,0,0,0,0,0,0,0,0,0,0,0,0.738403,0,0,6.642736,0,0,0,0,0,0,5.035761,0,0,0,0,0,0,0,0,0,0,0,0,0,0,0,0,0,0,0,0,0,0,0,0,0,0,0,0
Turkse rivierkreeft,"Pontastacus leptodactylus (Eschscholtz, 1823)",Plep,0.042600,0,0,0,0,0,0,0,0,0,0,0,0,0,0,0,0,0,0,0,0,0,0,0,0,0,0,0,0,0,0,0, 0.042600,0,0,0,0,0,0,0.000014,0,0,0,0,0,0,0,0,0,0,0,0,0,0,0,0,0,0,0,0,0,0,0,0,0,0,0,0,0,0,0, 0.000779,0,0,0,0,0,0,0.552818,0,0,0,0,0,0,0,0,0,0,0,0,0,0,0,0,0,0,0,0,0,0,0,0,0,0,0,0,0,0,0,31.698096,0,0,0,0,0,0
marmerkreeft,"Procambarus virginalis Lyko, 2017",Pv,0,0,0,0,0,0,0,0,0,0,0,0,0,0,0,0,0,0,0,0,0,0,0,0,0,0,0,0,0,0,0,0,0,0,0,0,0,0,0,0,0,0,0,0,0,0,0,0,0,0,0,0,0,0,0,0,0,0,0,0,0,0,0,0,0,0,0,0,0,0,0,0,0,0,0,0,0,0,0,0,0,0,0,0,0,0,0,0,0,0,0,0,0,0,0,0,0,0,0,0,0,0,0,0,0,0,0,0,0,0,0,0,0,0,0,0,0
sikahert,"Cervus nippon Temminck, 1838",Cn,0.585647,0,0,0, 0.051728,0,  0.428781, 0.026083,0,0,0,0,0,0,0,0,0,0,0,0,0,0,0,0,0,0,0,0,0,0,0,0, 0.026890,0, 0.052165,0,0,0,0,0.000671,0,0,0, 0.001446,0,  0.014232, 0.001245,0,0,0,0,0,0,0,0,0,0,0,0,0,0,0,0,0,0,0,0,0,0,0,0, 0.001768,0, 0.001544,0,0,0,0,7.599861,0,0,0,16.368419,0,161.110004,14.088065,0,0,0,0,0,0,0,0,0,0,0,0,0,0,0,0,0,0,0,0,0,0,0,0,20.008359,0,17.477728,0,0,0,0
Amerikaanse voseekhoorn,"Sciurus niger L., 1758",Sn,0,0,0,0,0,0,0,0,0,0,0,0,0,0,0,0,0,0,0,0,0,0,0,0,0,0,0,0,0,0,0,0,0,0,0,0,0,0,0,0,0,0,0,0,0,0,0,0,0,0,0,0,0,0,0,0,0,0,0,0,0,0,0,0,0,0,0,0,0,0,0,0,0,0,0,0,0,0,0,0,0,0,0,0,0,0,0,0,0,0,0,0,0,0,0,0,0,0,0,0,0,0,0,0,0,0,0,0,0,0,0,0,0,0,0,0,0
gewone gunnera,Gunnera tinctoria (Molina) Mirbel,Gt,0,0,0,0,0,0,0,0,0,0,0,0,0,0,0,0,0,0,0,0,0,0,0,0,0,0,0,0,0,0,0,0,0,0,0,0,0,0,0,0,0,0,0,0,0,0,0,0,0,0,0,0,0,0,0,0,0,0,0,0,0,0,0,0,0,0,0,0,0,0,0,0,0,0,0,0,0,0,0,0,0,0,0,0,0,0,0,0,0,0,0,0,0,0,0,0,0,0,0,0,0,0,0,0,0,0,0,0,0,0,0,0,0,0,0,0,0
Noord-Aziatische modderkruiper,"Misgurnus bipartitus (Sauvage & Dabry de Thiersant, 1874)",Mb,0,0,0,0,0,0,0,0,0,0,0,0,0,0,0,0,0,0,0,0,0,0,0,0,0,0,0,0,0,0,0,0,0,0,0,0,0,0,0,0,0,0,0,0,0,0,0,0,0,0,0,0,0,0,0,0,0,0,0,0,0,0,0,0,0,0,0,0,0,0,0,0,0,0,0,0,0,0,0,0,0,0,0,0,0,0,0,0,0,0,0,0,0,0,0,0,0,0,0,0,0,0,0,0,0,0,0,0,0,0,0,0,0,0,0,0,0
Japans steltgras,Microstegium vimineum (Trin.) A. Camus,Mvim,0,0,0,0,0,0,0,0,0,0,0,0,0,0,0,0,0,0,0,0,0,0,0,0,0,0,0,0,0,0,0,0,0,0,0,0,0,0,0,0,0,0,0,0,0,0,0,0,0,0,0,0,0,0,0,0,0,0,0,0,0,0,0,0,0,0,0,0,0,0,0,0,0,0,0,0,0,0,0,0,0,0,0,0,0,0,0,0,0,0,0,0,0,0,0,0,0,0,0,0,0,0,0,0,0,0,0,0,0,0,0,0,0,0,0,0,0
Pontische stroomgrondel,"Neogobius fluviatilis (Pallas, 1814)",Nf,0,0,0,0,0,0,0,0,0,0,0,0,0,0,0,0,0,0,0,0,0,0,0,0,0,0,0,0,0,0,0,0,0,0,0,0,0,0,0,0,0,0,0,0,0,0,0,0,0,0,0,0,0,0,0,0,0,0,0,0,0,0,0,0,0,0,0,0,0,0,0,0,0,0,0,0,0,0,0,0,0,0,0,0,0,0,0,0,0,0,0,0,0,0,0,0,0,0,0,0,0,0,0,0,0,0,0,0,0,0,0,0,0,0,0,0,0
Afrikaanse klauwkikker,"Xenopus laevis (Daudin, 1802)",Xl,0,0,0,0,0,0,0,0,0,0,0,0,0,0,0,0,0,0,0,0,0,0,0,0,0,0,0,0,0,0,0,0,0,0,0,0,0,0,0,0,0,0,0,0,0,0,0,0,0,0,0,0,0,0,0,0,0,0,0,0,0,0,0,0,0,0,0,0,0,0,0,0,0,0,0,0,0,0,0,0,0,0,0,0,0,0,0,0,0,0,0,0,0,0,0,0,0,0,0,0,0,0,0,0,0,0,0,0,0,0,0,0,0,0,0,0,0
fraai lampenpoetsersgras,Cenchrus setaceus (Forssk.) Morrone,Cs,0,0,0,0,0,0,0,0,0,0,0,0,0,0,0,0,0,0,0,0,0,0,0,0,0,0,0,0,0,0,0,0,0,0,0,0,0,0,0,0,0,0,0,0,0,0,0,0,0,0,0,0,0,0,0,0,0,0,0,0,0,0,0,0,0,0,0,0,0,0,0,0,0,0,0,0,0,0,0,0,0,0,0,0,0,0,0,0,0,0,0,0,0,0,0,0,0,0,0,0,0,0,0,0,0,0,0,0,0,0,0,0,0,0,0,0,0
grote vlotvaren,Salvinia molesta D.S.Mitch.,Sm,0,0,0,0,0,0,0,0,0,0,0,0,0,0,0,0,0,0,0,0,0,0,0,0,0,0,0,0,0,0,0,0,0,0,0,0,0,0,0,0,0,0,0,0,0,0,0,0,0,0,0,0,0,0,0,0,0,0,0,0,0,0,0,0,0,0,0,0,0,0,0,0,0,0,0,0,0,0,0,0,0,0,0,0,0,0,0,0,0,0,0,0,0,0,0,0,0,0,0,0,0,0,0,0,0,0,0,0,0,0,0,0,0,0,0,0,0
