soort,species,inN2KHAB,in1130,in1330,in2310,in2330,in3130,in3140,in3150,in3160,in4010,in4030,in6230,in6410,in6430,in6510,in7140,in7150,in9120,in9130,in9160,in9190,in91E0,in1140,in1310,in1320,in2110,in2120,in2130,in2160,in2170,in2180,in2190,in3110,in3260,in3270,in5130,in6120,in6210,in7110,in7210,in7220,in7230,in9110,in9150,ofN2KHAB,of1130,of1330,of2310,of2330,of3130,of3140,of3150,of3160,of4010,of4030,of6230,of6410,of6430,of6510,of7140,of7150,of9120,of9130,of9160,of9190,of91E0,of1140,of1310,of1320,of2110,of2120,of2130,of2160,of2170,of2180,of2190,of3110,of3260,of3270,of5130,of6120,of6210,of7110,of7210,of7220,of7230,of9110,of9150,selN2KHAB,sel1130,sel1330,sel2310,sel2330,sel3130,sel3140,sel3150,sel3160,sel4010,sel4030,sel6230,sel6410,sel6430,sel6510,sel7140,sel7150,sel9120,sel9130,sel9160,sel9190,sel91E0,sel1140,sel1310,sel1320,sel2110,sel2120,sel2130,sel2160,sel2170,sel2180,sel2190,sel3110,sel3260,sel3270,sel5130,sel6120,sel6210,sel7110,sel7210,sel7220,sel7230,sel9110,sel9150
heilige ibis,"Threskiornis aethiopicus Latham, 1790",0.175726,0.001547,0.000554,0.000311,0.000161, 0.068982, 0.025432, 0.021176, 0.003978,0.005281,0.001390,0.002354,0.000768,0.000968,0.015912,0.001146, 0.002052,0.004981,0.005689,0.000035,0.000816,0.012191,0,0,0,0,0,0,0,0,0,0,0,0,0,0,0,0,0,0,0,0,0,0,0.001348,0.000189,0.001133,0.000067,0.000057, 0.028080, 0.020307, 0.017990, 0.010531,0.001510,0.000170,0.000902,0.002251,0.000469,0.002433,0.001102, 0.006077,0.000161,0.000916,0.000005,0.000087,0.000590,0,0,0,0,0,0,0,0,0,0,0,0,0,0,0,0,0,0,0,0,0,0,2.550423,0.357300,2.143169,0.125990,0.107319,53.126004,38.419183,34.036365,19.923866,2.856959,0.321635,1.707091,4.257777,0.887249,4.603651,2.084039,11.497879,0.304693,1.732565,0.009342,0.164556,1.115756,0,0,0,0,0,0,0,0,0,0,0,0,0,0,0,0,0,0,0,0,0,0
nijlgans,"Alopochen aegyptiacus Linnaeus, 1766",0.111579,0.013077,0.001647,0.002278,0.002171,0.009009,0.005691,0.004201,0.001165,0.003623,0.003876,0.002472,0.000710,0.002554,0.011203,0.001903,0.000562,0.013378,0.002572,0.003947,0.002860,0.016281,0.000845,0.000509,0.000127,0.000029,0.000323,0.000794,0.000255,0.000000,0.000325,0.000253,0.000062,0.000894,0.000788,0.000017,0.000192,0.000037, 0.000011,0.000030,0.000796,0.000040,0.000067,0.000003,0.130767,0.243840,0.514374,0.074483,0.116616,0.560270,0.694218,0.545258,0.471162,0.158242,0.072434,0.144770,0.317871,0.188994,0.261727,0.279472,0.254283,0.066081,0.063259,0.084554,0.046594,0.120322,0.043286,0.590025,0.622861,0.113434,0.053937,0.069038,0.028068,0.000177,0.082977,0.219305,0.726535,0.329492,0.714436,0.057741,0.712896,0.208189, 0.898573,0.636177,0.449831,0.214378,0.016740,0.016735,1.619413,3.019721,6.370009,0.922401,1.444173,6.938386,8.597193,6.752479,5.834869,1.959664,0.897023,1.792829,3.936513,2.340508,3.241230,3.460978,3.149046,0.818343,0.783401,1.047114,0.577020,1.490068,0.536052,7.306873,7.713513,1.404767,0.667957,0.854971,0.347591,0.002197,1.027593,2.715880,8.997409,4.080435,8.847584,0.715067,8.828513,2.578216,11.127928,7.878417,5.570706,2.654858,0.207305,0.207244
rimpelroos,Rosa rugosa Thunb.,0.223782,0,0,0.000848,0.003040,0,0,0,0,0.000233,0.001851,0.001179,0,0.001504,0.010951,0.000097,0,0.008292,0.001472,0.001737,0.000695,0.004578,0,0,0, 0.001642, 0.047670, 0.058996, 0.051705, 0.009640, 0.012223, 0.004071,0,0,0,0, 0.000615,0.000123,0,0,0.000620,0,0,0,0.020358,0,0,0.001860,0.010954,0,0,0,0,0.000684,0.002321,0.004630,0,0.007468,0.017166,0.000960,0,0.002748,0.002428,0.002497,0.000759,0.002270,0,0,0, 0.426870, 0.533841, 0.344045, 0.382173, 0.341039, 0.209126, 0.236551,0,0,0,0, 0.153268,0.046813,0,0,0.023506,0,0,0,3.757792,0,0,0.343395,2.021862,0,0,0,0,0.126312,0.428401,0.854691,0,1.378398,3.168483,0.177127,0,0.507190,0.448173,0.460854,0.140115,0.418969,0,0,0,78.792247,98.537139,63.504357,70.542071,62.949358,38.600810,43.662956,0,0,0,0,28.290433,8.640844,0,0,4.338800,0,0,0
Amerikaanse vogelkers,Prunus serotina Ehrh.,0.220685,0,0,0.007181,0.005714,0,0,0,0,0.003886,0.013993,0.005675,0.001168,0.001426,0.007992,0.001905,0.000401,0.072324,0.005306,0.013683,0.019788,0.030794,0,0,0,0.000001,0.002875,0.009049, 0.010972, 0.002440,0.002474, 0.000979,0,0,0, 0.000347,0.000007,0.000009, 0.000034,0.000011,0.000052,0.000086,0.000111,0,0.107650,0,0,0.084462,0.110404,0,0,0,0,0.061072,0.094069,0.119554,0.188110,0.037969,0.067167,0.100651,0.065328,0.128513,0.046946,0.105464,0.115956,0.081869,0,0,0,0.001769,0.172646,0.282965, 0.434854, 0.462842,0.226921, 0.305063,0,0,0, 0.414629,0.010017,0.018211, 0.988353,0.083026,0.010663,0.168297,0.010002,0,3.705780,0,0,2.907558,3.800599,0,0,0,0,2.102382,3.238273,4.115558,6.475568,1.307053,2.312181,3.464837,2.248874,4.423982,1.616105,3.630519,3.991707,2.818289,0,0,0,0.060899,5.943241,9.740913,14.969574,15.933052,7.811606,10.501600,0,0,0,14.273340,0.344842,0.626919,34.023456,2.858128,0.367071,5.793526,0.344311,0
reuzenberenklauw,Heracleum mantegazzianum Sommier & Levier,0.109313,0,0,0.000250,0.000479,0,0,0,0,0.000242,0.001146,0.002047,0.000931,0.004331,0.014730,0.000480,0.000008,0.017038,0.005867,0.008015,0.003095,0.043600,0,0,0,0,0.000615,0.002008,0.001365,0.00030,0.000876,0.000529,0,0,0,0, 0.000244,0.000030,0,0,0.000732,0,0.000355,0,0.013239,0,0,0.000731,0.002297,0,0,0,0,0.000945,0.001912,0.010708,0.037220,0.028624,0.030738,0.006301,0.000341,0.007517,0.012888,0.015337,0.004503,0.028780,0,0,0,0,0.009170,0.015591,0.013428,0.01411,0.019955,0.040935,0,0,0,0, 0.080827,0.015416,0,0,0.036910,0,0.007964,0,1.835609,0,0,0.101316,0.318425,0,0,0,0,0.131003,0.265108,1.484684,5.160594,3.968764,4.261848,0.873678,0.047219,1.042182,1.786951,2.126530,0.624336,3.990358,0,0,0,0,1.271422,2.161654,1.861845,1.95641,2.766769,5.675659,0,0,0,0,11.206787,2.137482,0,0,5.117576,0,1.104248,0
Canadese gans,"Branta canadensis (Linnaeus, 1758)",0.122616,0,0,0.003345,0.003089, 0.012996, 0.008533, 0.006397, 0.002123,0.006494,0.004822,0.002986,0.000725,0.003326,0.012402,0.003346,0.001058,0.012938,0.002863,0.003156,0.003640,0.021182,0,0,0,0.000036,0.000472,0.001322,0.000381,0.000012,0.000335,0.000477, 0.000098,0.001474, 0.001032,0.000057, 0.000290,0.000012,0, 0.000049,0.001056,0.000084,0.000008,0,0.107202,0,0,0.074191,0.112520, 0.548226, 0.706073, 0.563134, 0.582280,0.192403,0.061122,0.118605,0.220196,0.166922,0.196544,0.333305,0.324506,0.043347,0.047758,0.045865,0.040214,0.106185,0,0,0,0.094265,0.053453,0.077954,0.028461,0.004360,0.058013,0.280395, 0.780441,0.368602, 0.634856,0.129275, 0.731005,0.046558,0, 0.709400,0.404723,0.309427,0.001384,0,1.957197,0,0,1.354512,2.054283,10.009024,12.890852,10.281201,10.630745,3.512723,1.115902,2.165392,4.020146,3.047520,3.588328,6.085178,5.924536,0.791395,0.871922,0.837368,0.734192,1.938621,0,0,0,1.721009,0.975898,1.423222,0.519623,0.079601,1.059152,5.119197,14.248589,6.729611,11.590637,2.360193,13.346025,0.850013,0,12.951586,7.389065,5.649232,0.025276,0
verspreidbladige waterpest,Lagarosiphon major (Ridley) Moss,0.052724,0,0,0,0,0, 0.033019,0,0,0,0,0,0,0,0,0,0,0,0,0,0,0.013929,0,0,0,0,0,0,0,0,0, 0.005776,0,0,0,0,0,0,0,0,0,0,0,0,0.000143,0,0,0,0,0, 0.002287,0,0,0,0,0,0,0,0,0,0,0,0,0,0,0.000058,0,0,0,0,0,0,0,0,0, 0.002840,0,0,0,0,0,0,0,0,0,0,0,0,3.127746,0,0,0,0,0,49.881767,0,0,0,0,0,0,0,0,0,0,0,0,0,0,1.274832,0,0,0,0,0,0,0,0,0,61.949992,0,0,0,0,0,0,0,0,0,0,0,0
zonnebaars,"Lepomis gibbosus Linnaeus, 1758",0.176210,0.008304,0,0,0, 0.044552, 0.013915, 0.014044, 0.007987,0.006806,0,0,0,0,0, 0.022719, 0.002349,0,0,0,0,0.052540,0,0,0,0,0,0,0,0,0,0,0, 0.002761,0,0,0,0,0, 0.000093,0,0.000140,0,0,0.005865,0.001476,0,0,0, 0.026415, 0.016184, 0.017378, 0.030794,0.002834,0,0,0,0,0, 0.031812, 0.010133,0,0,0,0,0.003702,0,0,0,0,0,0,0,0,0,0,0, 0.009706,0,0,0,0,0, 0.018764,0,0.007228,0,0,7.618294,1.917558,0,0,0,34.311023,21.021566,22.572768,39.999212,3.681788,0,0,0,0,0,41.322124,13.162071,0,0,0,0,4.808604,0,0,0,0,0,0,0,0,0,0,0,12.606939,0,0,0,0,0,24.373590,0,9.388559,0,0
rosse stekelstaart,"Oxyura jamaicensis Gmelin, 1789", 0.281531,0,0,0,0, 0.041383,  0.124383, 0.040186,  0.054274,0.010191,0,0,0,0,0, 0.007278,0.000274,0,0,0,0,0.003537,0,0,0,0,0,0,0,0,0,0,0,0.000025,0,0,0,0,0,0,0,0,0,0, 0.005037,0,0,0,0, 0.009613,  0.056675, 0.019482,  0.081981,0.001663,0,0,0,0,0, 0.003993,0.000464,0,0,0,0,0.000098,0,0,0,0,0,0,0,0,0,0,0,0.000034,0,0,0,0,0,0,0,0,0,0,16.701159,0,0,0,0,31.870653,187.902596,64.590443,271.803283,5.513109,0,0,0,0,0,13.238221,1.537547,0,0,0,0,0.323701,0,0,0,0,0,0,0,0,0,0,0,0.114104,0,0,0,0,0,0,0,0,0,0
sneeuwbes,Symphoricarpos albus (L.) K.Koch,0.172585,0,0,0.001166,0.000905,0,0,0,0,0.000399,0.001621,0.001234,0.001047,0.002328,0.008298,0.000402,0.000043,0.035406,0.020524,0.016659,0.005311,0.027363,0,0,0,0, 0.005221, 0.013334, 0.011316, 0.002019, 0.010284,0.000536,0,0,0,0,0,0.000033,0,0, 0.006702,0,0.000434,0,0.011725,0,0,0.001910,0.002435,0,0,0,0,0.000872,0.001518,0.003621,0.023489,0.008629,0.009713,0.002956,0.000971,0.008762,0.025290,0.017883,0.004334,0.010132,0,0,0,0, 0.043663, 0.058068, 0.062464, 0.053329, 0.131390,0.023270,0,0,0,0,0,0.009489,0,0, 0.189667,0,0.005464,0,2.898072,0,0,0.472060,0.601910,0,0,0,0,0.215588,0.375108,0.895089,5.805674,2.132865,2.400835,0.730678,0.239909,2.165785,6.250958,4.420056,1.071294,2.504332,0,0,0,0,10.792059,14.352623,15.439148,13.181186,32.475443,5.751487,0,0,0,0,0,2.345487,0,0,46.879488,0,1.350525,0
parelvederkruid,Myriophyllum aquaticum (Vell.) Verdc.,0.090523,0,0,0,0, 0.015884,0,0.002086,0.001175,0.002671,0,0,0,0,0, 0.006198,0,0,0,0,0,0.058805,0,0,0,0,0,0,0,0,0,0,0, 0.002915,0,0,0,0,0,0,0.000789,0,0,0,0.005335,0,0,0,0, 0.012154,0,0.003331,0.005846,0.001435,0,0,0,0,0, 0.011200,0,0,0,0,0,0.005347,0,0,0,0,0,0,0,0,0,0,0, 0.013227,0,0,0,0,0,0,0.005482,0,0,0,5.370055,0,0,0,0,12.233143,0,3.352763,5.883595,1.444727,0,0,0,0,0,11.272630,0,0,0,0,0,5.381966,0,0,0,0,0,0,0,0,0,0,0,13.313187,0,0,0,0,0,0,5.518114,0,0,0
late guldenroede,Solidago gigantea Aiton,0.102204,0,0,0.001909,0.001966,0,0,0,0,0.002301,0.006832,0.003466,0.001588,0.005648,0.014025,0.001668,0.000286,0.017535,0.002282,0.005188,0.004728,0.025980,0,0,0,0,0.000464,0.001822,0.001314,0.000280,0.001248,0.000616,0,0,0,0.000012, 0.000319,0.000069,0,0.000012,0.000214, 0.000338,0.000096,0,0.013123,0,0,0.005911,0.009998,0,0,0,0,0.009517,0.012091,0.019222,0.067288,0.039574,0.031028,0.023193,0.012258,0.008202,0.005314,0.010526,0.007293,0.018182,0,0,0,0,0.007341,0.014994,0.013704,0.013961,0.030141,0.050510,0,0,0,0.003639, 0.112222,0.036791,0,0.024832,0.011458, 0.173748,0.002273,0,1.716236,0,0,0.773007,1.307539,0,0,0,0,1.244559,1.581201,2.513803,8.799655,5.175317,4.057756,3.033064,1.603045,1.072584,0.694900,1.376576,0.953788,2.377765,0,0,0,0,0.960043,1.960864,1.792205,1.825814,3.941693,6.605558,0,0,0,0.475914,14.676008,4.811433,0,3.247440,1.498442,22.722174,0.297268,0
smalle waterpest,Elodea nuttallii (Planch.) St. John, 0.240068,0,0,0,0, 0.062848, 0.060890, 0.034241,0.000018,0.001210,0,0,0,0,0, 0.013374,0.000062,0,0,0,0,0.050877,0,0,0,0,0,0,0,0,0,0,0, 0.010482, 0.004984,0,0,0,0,0,0.001083,0,0,0, 0.016661,0,0,0,0, 0.056625, 0.107612, 0.064384,0.000107,0.000766,0,0,0,0,0, 0.028457,0.000408,0,0,0,0,0.005447,0,0,0,0,0,0,0,0,0,0,0, 0.055996, 0.065500,0,0,0,0,0,0.008860,0,0,0,14.241463,0,0,0,0,48.402139,91.984760,55.034583,0.091473,0.654513,0,0,0,0,0,24.324780,0.349099,0,0,0,0,4.656332,0,0,0,0,0,0,0,0,0,0,0,47.864593,55.987986,0,0,0,0,0,7.573189,0,0,0
mahonie,Mahonia aquifolium (Pursh) Nutt.,0.184406,0,0,0.001361,0.003619,0,0,0,0,0.000212,0.002355,0.001547,0.000300,0.001240,0.004956,0.000338,0.000039,0.016732,0.002404,0.002893,0.004072,0.006639,0,0,0,0.000001, 0.022817, 0.038452, 0.048431, 0.012069, 0.012289, 0.001336,0,0,0,0,0,0,0,0,0.000301,0.000005,0,0,0.016369,0,0,0.002913,0.012724,0,0,0,0,0.000607,0.002881,0.005929,0.008777,0.006005,0.007580,0.003248,0.001140,0.005410,0.003870,0.004058,0.004342,0.003212,0,0,0,0.000207, 0.249320, 0.218797, 0.349284, 0.416613, 0.205148, 0.075740,0,0,0,0,0,0,0,0,0.011131,0.001822,0,0,3.096580,0,0,0.551095,2.407035,0,0,0,0,0.114743,0.545050,1.121571,1.660371,1.136006,1.433860,0.614495,0.215729,1.023484,0.732171,0.767688,0.821466,0.607585,0,0,0,0.039170,47.164285,41.390256,66.074618,78.811463,38.808168,14.327873,0,0,0,0,0,0,0,0,2.105668,0.344624,0,0
grote waternavel,Hydrocotyle ranunculoides L. f.,0.042525,0,0,0,0,0.001676,0,0.002439,0,0.001081,0,0,0,0,0,0.001395,0.000018,0,0,0,0,0.030940,0,0,0,0,0,0,0,0,0,0.000067,0,0.001485, 0.002671,0,0,0,0,0,0.000752,0,0,0,0.004553,0,0,0,0,0.002330,0,0.007075,0,0.001056,0,0,0,0,0,0.004580,0.000179,0,0,0,0,0.005110,0,0,0,0,0,0,0,0,0,0.001305,0,0.012239, 0.054140,0,0,0,0,0,0.009490,0,0,0,2.522668,0,0,0,0,1.290981,0,3.920142,0,0.585018,0,0,0,0,0,2.537882,0.099145,0,0,0,0,2.831685,0,0,0,0,0,0,0,0,0,0.723364,0,6.781857,29.999486,0,0,0,0,0,5.258316,0,0,0
Chinese muntjak,"Muntiacus reevesi Ogilby, 1839",0.174178,0,0,0.001703,0,0,0,0,0,0.002718,0.003293,0.001191,0,0,0.003219,0,0,0.108620,0.006784,0.000941,0.035641,0.009237,0,0,0,0,0.000023,0.000784,0.000023,0,0,0,0,0,0,0,0,0,0,0,0,0,0,0,0.001286,0,0,0.000303,0,0,0,0,0,0.000647,0.000335,0.000380,0,0,0.000410,0,0,0.002922,0.000909,0.000110,0.003162,0.000372,0,0,0,0,0.000021,0.000371,0.000014,0,0,0,0,0,0,0,0,0,0,0,0,0,0,0,2.924830,0,0,0.689695,0,0,0,0,0,1.470530,0.762192,0.863388,0,0,0.931314,0,0,6.644187,2.066145,0.249601,7.189790,0.845378,0,0,0,0,0.047918,0.844374,0.031627,0,0,0,0,0,0,0,0,0,0,0,0,0,0,0
Japans hoefblad,Petasites japonicus (Siebold & Zucc.) Maxim.,0.121070,0,0,0,0,0,0,0,0,0,0,0,0,0.004318,0.003058,0,0,0.061562,0.025083,0,0.005649,0.021400,0,0,0,0,0,0,0,0,0,0,0,0,0,0,0,0,0,0,0,0,0,0,0.000462,0,0,0,0,0,0,0,0,0,0,0,0,0.000900,0.000201,0,0,0.000857,0.001738,0,0.000259,0.000445,0,0,0,0,0,0,0,0,0,0,0,0,0,0,0,0,0,0,0,0,0,0,2.033032,0,0,0,0,0,0,0,0,0,0,0,0,3.956569,0.884891,0,0,3.765688,7.639383,0,1.139498,1.958575,0,0,0,0,0,0,0,0,0,0,0,0,0,0,0,0,0,0,0,0,0,0
hemelboom,Ailanthus altissima (Mill.) Swingle,0.062675,0,0,0.000154,0.001351,0,0,0,0,0,0.001633,0.000477,0,0.000293,0.007425,0,0,0.015696,0.001948,0.002957,0.000120,0.004748,0,0,0,0,0.001812,0.008423, 0.008777,0.000635, 0.005443,0.000218,0,0,0,0, 0.000567,0,0,0,0,0,0,0,0.002085,0,0,0.000123,0.001779,0,0,0,0,0,0.000749,0.000685,0,0.000531,0.004255,0,0,0.001902,0.001175,0.001554,0.000048,0.000861,0,0,0,0,0.007417,0.017960, 0.023719,0.008213, 0.034049,0.004634,0,0,0,0, 0.051708,0,0,0,0,0,0,0,1.052452,0,0,0.062259,0.898275,0,0,0,0,0,0.378021,0.345781,0,0.268194,2.148274,0,0,0.960139,0.593170,0.784493,0.024153,0.434511,0,0,0,0,3.744529,9.066950,11.974103,4.146004,17.188767,2.339377,0,0,0,0,26.103834,0,0,0,0,0,0,0
Amerikaanse hondsvis,"Umbra pygmaea (DeKay, 1842)", 0.259396,0,0,0,0, 0.044197,0, 0.024966, 0.011003, 0.028758,0,0,0,0,0,  0.059493,0,0,0,0,0,0.080454,0,0,0,0,0,0,0,0,0,0,0, 0.003097,0,0,0,0,   0.007428,0,0,0,0,0, 0.001759,0,0,0,0, 0.003891,0, 0.004588, 0.006299, 0.001779,0,0,0,0,0,  0.012371,0,0,0,0,0,0.000842,0,0,0,0,0,0,0,0,0,0,0, 0.001617,0,0,0,0,   0.850398,0,0,0,0,0,15.388011,0,0,0,0,34.038237,0,40.128367,55.101068,15.556953,0,0,0,0,0,108.206695,0,0,0,0,0,7.363303,0,0,0,0,0,0,0,0,0,0,0,14.141190,0,0,0,0,7438.432212,0,0,0,0,0
Chinese wolhandkrab,"Eriocheir sinensis H. Milne Edwards, 1854",0.145044, 0.079378,0.001059,0,0,0.005630,0.004745,0.002540,0,0.000224,0,0,0,0,0,0.002354,0.000208,0,0,0,0,0.033891,0.012628,0.000232, 0.000323, 0.000243,0,0,0,0,0,0,0,0.001489,0.000101,0,0,0,0,0,0,0,0,0,0.009752, 0.028505,0.006369,0,0,0.006743,0.011147,0.006348,0,0.000188,0,0,0,0,0,0.006659,0.001816,0,0,0,0,0.004824,0.012454,0.005185, 0.030503, 0.018107,0,0,0,0,0,0,0,0.010574,0.001770,0,0,0,0,0,0,0,0,0,6.270862,18.330085,4.095680,0,0,4.335716,7.167629,4.081868,0,0.120978,0,0,0,0,0,4.281812,1.167583,0,0,0,0,3.101748,8.008440,3.334174,19.614408,11.643206,0,0,0,0,0,0,0,6.799776,1.138019,0,0,0,0,0,0,0,0,0
invasieve duizendknopen,"Reynoutria japonica Houtt.,Reynoutria sachalinensis (F.Schmidt) Nakai,Reynoutria ×bohemica Chrtek & Chrtková",0.093087,0,0,0.001278,0.001596,0,0,0,0,0.000697,0.002495,0.001910,0.000384,0.003444,0.014177,0.000401,0.000017,0.021338,0.004555,0.005440,0.005575,0.027529,0,0,0,0,0.000090,0.000684,0.000189,0.000021,0.000504,0.000066,0,0,0,0.000039,0.000212,0,0,0,0.000349,0.000096,0,0,0.029292,0,0,0.009697,0.019897,0,0,0,0,0.007070,0.010821,0.025954,0.039854,0.059134,0.076867,0.013651,0.001753,0.024459,0.025999,0.027050,0.021076,0.047214,0,0,0,0,0.003469,0.013795,0.004827,0.002610,0.029850,0.013365,0,0,0,0.029753,0.182639,0,0,0,0.045690,0.120985,0,0,1.563127,0,0,0.517453,1.061771,0,0,0,0,0.377279,0.577433,1.384975,2.126757,3.155611,4.101875,0.728462,0.093524,1.305235,1.387414,1.443472,1.124716,2.519503,0,0,0,0,0.185128,0.736159,0.257593,0.139291,1.592902,0.713222,0,0,0,1.587733,9.746289,0,0,0,2.438174,6.456190,0,0
Siberische grondeekhoorn,"Tamias sibiricus Laxmann, 1769", 0.721872,0,0,0,0,0,0,0,0,0,0.001077,0,0,0,0.007421,0,0, 0.438772,0.005075, 0.101918,0.003808,0.011548,0,0,0,0,0.003543, 0.013096, 0.011656,0,  0.123245,0.000712,0,0,0,0,0,0,0,0,0,0,0,0, 0.002264,0,0,0,0,0,0,0,0,0,0.000047,0,0,0,0.000401,0,0, 0.005013,0.000289, 0.005051,0.000143,0.000197,0,0,0,0,0.001368, 0.002633, 0.002970,0,  0.072693,0.001427,0,0,0,0,0,0,0,0,0,0,0,0,12.121819,0,0,0,0,0,0,0,0,0,0.249210,0,0,0,2.146985,0,0,26.839334,1.545777,27.041520,0.768196,1.056919,0,0,0,0,7.324553,14.097081,15.902950,0,389.201564,7.639328,0,0,0,0,0,0,0,0,0,0,0,0
boksdoorn,Lycium barbarum L.,0.432889,0,0,0.000014,0,0,0,0,0,0,0,0,0,0,0.007525,0,0,0.001016,0.000865,0,0,0.000597,0,0,0,  0.003522,  0.133614,  0.150151,  0.093932, 0.010288, 0.023202, 0.008165,0,0,0,0,0,0,0,0,0,0,0,0,0.005417,0,0,0.000004,0,0,0,0,0,0,0,0,0,0,0.001623,0,0,0.000046,0.000196,0,0,0.000041,0,0,0,  0.125903,  0.205828,  0.120449,  0.095504, 0.050067, 0.054605, 0.065262,0,0,0,0,0,0,0,0,0,0,0,0,7.269160,0,0,0.005502,0,0,0,0,0,0,0,0,0,0,2.177155,0,0,0.062154,0.263325,0,0,0.054604,0,0,0,168.943512,276.190547,161.625072,128.152603,67.182720,73.272207,87.571324,0,0,0,0,0,0,0,0,0,0,0,0
muskusrat,"Ondatra zibethicus Linnaeus, 1766",0.053396,0,0,0.000421,0.000141,0.001451,0.000597,0.003593,0.000060,0.000278,0.000267,0.000222,0.000421,0.004373,0.017343,0.001282,0.000038,0.002558,0.001011,0.000758,0.000359,0.017166,0,0,0,0,0.000032,0.000380,0,0,0,0.000026,0,0.000321,0,0,0,0,0,0,0.000293,0.000003,0,0,0.009338,0,0,0.001868,0.001029,0.012242,0.009889,0.063278,0.003289,0.001646,0.000678,0.001762,0.025593,0.043903,0.054978,0.025552,0.002324,0.001714,0.003375,0.002205,0.000792,0.017214,0,0,0,0,0.000736,0.004478,0,0,0,0.003084,0,0.016038,0,0,0,0,0,0,0.022493,0.001929,0,0,0.852314,0,0,0.170477,0.093955,1.117332,0.902544,5.775475,0.300186,0.150264,0.061840,0.160782,2.335882,4.007080,5.017898,2.332159,0.212130,0.156465,0.308066,0.201208,0.072331,1.571108,0,0,0,0,0.067134,0.408679,0,0,0,0.281443,0,1.463807,0,0,0,0,0,0,2.052958,0.176062,0,0
lettersierschildpad,"Trachemys scripta Schoepff, 1792",0.092442,0,0,0,0, 0.018031, 0.009456, 0.011747, 0.003692,0.003402,0,0,0,0,0,0.001662,0.000125,0,0,0,0,0.038370,0,0,0,0,0,0,0,0,0,0.000291,0,0.000265,0.000606,0,0,0,0, 0.000362, 0.004431,0,0,0,0.013056,0,0,0,0, 0.033060, 0.034008, 0.044950, 0.044020,0.004381,0,0,0,0,0,0.007198,0.001667,0,0,0,0,0.008360,0,0,0,0,0,0,0,0,0,0.007437,0,0.002883,0.016204,0,0,0,0, 0.227204, 0.073795,0,0,0,5.483888,0,0,0,0,13.886689,14.284959,18.880778,18.490143,1.840358,0,0,0,0,0,3.023550,0.700107,0,0,0,0,3.511703,0,0,0,0,0,0,0,0,0,3.123982,0,1.211021,6.806186,0,0,0,0,95.435231,30.997197,0,0,0
smalle olijfwilg,Elaeagnus angustifolia L.,0.209208,0,0,0.004234,0.004112,0,0,0,0,0,0,0,0,0.000610,0.016059,0,0,0.003328,0.000808,0,0,0,0,0,0, 0.001359,  0.065551, 0.062381, 0.031409, 0.002579, 0.011294, 0.004380,0,0,0,0,0, 0.000296,0,0,0.000808,0,0,0,0.002046,0,0,0.000999,0.001593,0,0,0,0,0,0,0,0,0.000326,0.002707,0,0,0.000119,0.000143,0,0,0,0,0,0, 0.037974,  0.078930, 0.039115, 0.024961, 0.009810, 0.020776, 0.027368,0,0,0,0,0, 0.012119,0,0,0.003292,0,0,0,3.513062,0,0,1.714434,2.734718,0,0,0,0,0,0,0,0,0.558989,4.646405,0,0,0.203552,0.246031,0,0,0,0,0,0,65.189349,135.499116,67.148199,42.851337,16.840835,35.666143,46.982213,0,0,0,0,0,20.804594,0,0,5.650554,0,0,0
watercrassula,Crassula helmsii (Kirk) Cockayne,0.264908,0,0,0.001887,0.005094, 0.062365, 0.033432,0.004131,0.000275,0.013636,0.016576, 0.021092, 0.004199,0.000640,0.007966, 0.006044, 0.004934,0.023623,0.001663,0.000776,0.013112,0.016658,0,0,0,0,0.000288, 0.009556,0.004306,0.000025,0.001529, 0.003332, 0.000681,0.001008, 0.004637,0,0,0,0,0, 0.001444,0,0,0,0.008181,0,0,0.001479,0.006556, 0.092930, 0.097718,0.012846,0.002661,0.014272,0.007422, 0.029594, 0.045029,0.001135,0.004459, 0.021268, 0.053485,0.002796,0.000980,0.000398,0.005118,0.002950,0,0,0,0,0.001152, 0.019903,0.011367,0.000312,0.009341, 0.069139, 0.191636,0.008910, 0.100787,0,0,0,0,0, 0.019539,0,0,0,4.228477,0,0,0.764185,3.388323,48.030058,50.505158,6.639532,1.375202,7.376454,3.836082,15.295447,23.272843,0.586529,2.304670,10.992247,27.643329,1.444979,0.506493,0.205925,2.644963,1.524602,0,0,0,0,0.595151,10.286571,5.875064,0.161235,4.827923,35.733980,99.046038,4.604958,52.090931,0,0,0,0,0,10.098535,0,0,0
Amerikaanse nerts,"Mustela vison Schreber, 1777",0.119415,0,0,0,0,0, 0.032613, 0.009798,0,0,0,0.006896,0,0.002124,0.017539,0.000295,0,0.029047,0,0,0,0.021102,0,0,0,0,0,0,0,0,0,0,0,0,0,0,0,0,0,0,0,0,0,0,0.000144,0,0,0,0,0, 0.003717, 0.001188,0,0,0,0.000377,0,0.000147,0.000383,0.000040,0,0.000134,0,0,0,0.000146,0,0,0,0,0,0,0,0,0,0,0,0,0,0,0,0,0,0,0,0,0,0,1.906108,0,0,0,0,0,49.268530,15.747911,0,0,0,5.001076,0,1.946549,5.074522,0.536611,0,1.776803,0,0,0,1.931274,0,0,0,0,0,0,0,0,0,0,0,0,0,0,0,0,0,0,0,0,0,0
Canadese guldenroede,Solidago canadensis L.,0.151660,0,0,0.004176,0.001773,0,0,0,0,0.004698,0.008180,0.001515, 0.001867,0.004547,0.020703,0.000791,0.000673,0.018248,0.001163,0.015189,0.004138,0.054792,0,0,0,0,0.000784,0.002159,0.002606,0.000766,0.000982,0.000140,0,0,0,0,0.000035,0,0, 0.000075,0,  0.001660,0,0,0.004108,0,0,0.002728,0.001902,0,0,0,0,0.004100,0.003054,0.001773, 0.016699,0.006721,0.009663,0.002321,0.006081,0.001801,0.000572,0.006502,0.001347,0.008090,0,0,0,0,0.002613,0.003750,0.005736,0.008074,0.005001,0.002418,0,0,0,0,0.002573,0,0, 0.031801,0,  0.179907,0,0,2.546709,0,0,1.690750,1.179240,0,0,0,0,2.541609,1.893140,1.098783,10.350938,4.165948,5.989966,1.438803,3.769138,1.116209,0.354357,4.030120,0.834777,5.014661,0,0,0,0,1.619709,2.324311,3.555404,5.004829,3.100138,1.499121,0,0,0,0,1.594942,0,0,19.712249,0,111.517962,0,0
reuzenbalsemien,Impatiens glandulifera Royle,0.160884,0,0,0.000171,0.000330,0,0,0,0,0.000397,0.001336,0.000837,0.001223,0.009916,0.018140,0.001442,0.000026,0.023997,0.005799,0.007729,0.004534,0.084218,0,0,0,0,0,0.000014,0.000003,0.000003,0.000119,0.000115,0,0,0,0.000041,0,0,0,0,0.000445,0.000007,0.000043,0,0.040393,0,0,0.001033,0.003286,0,0,0,0,0.003209,0.004623,0.009077,0.101339,0.135846,0.078474,0.039211,0.002160,0.021947,0.026406,0.030661,0.013676,0.115244,0,0,0,0,0,0.000219,0.000056,0.000270,0.005622,0.018407,0,0,0,0.025459,0,0,0,0,0.046572,0.006925,0.002005,0,2.701587,0,0,0.069099,0.219749,0,0,0,0,0.214658,0.309221,0.607090,6.777753,9.085676,5.248499,2.622488,0.144493,1.467872,1.766056,2.050688,0.914684,7.707761,0,0,0,0,0,0.014621,0.003747,0.018042,0.376004,1.231066,0,0,0,1.702744,0,0,0,0,3.114853,0.463160,0.134079,0
Chinese prachtslang,"Elaphe taeniura (Cope, 1861)",0.005032,0,0,0,0,0,0,0,0,0,0,0,0,0.003578,0.000662,0,0,0.000792,0,0,0,0,0,0,0,0,0,0,0,0,0,0,0,0,0,0,0,0,0,0,0,0,0,0,0.000007,0,0,0,0,0,0,0,0,0,0,0,0,0.000266,0.000016,0,0,0.000004,0,0,0,0,0,0,0,0,0,0,0,0,0,0,0,0,0,0,0,0,0,0,0,0,0,0,0.084501,0,0,0,0,0,0,0,0,0,0,0,0,3.278366,0.191642,0,0,0.048442,0,0,0,0,0,0,0,0,0,0,0,0,0,0,0,0,0,0,0,0,0,0,0,0,0,0
gevlekte Amerikaanse rivierkreeft,"Faxonius limosus Rafinesque, 1817", 0.229897,0,0,0,0, 0.057710,  0.06671, 0.041350,0,0.001718,0,0,0,0,0, 0.015326,0,0,0,0,0,0.035631,0,0,0,0,0,0,0,0,0,0,0, 0.007211, 0.004179,0,0,0,0, 0.000063,0,0,0,0, 0.007109,0,0,0,0, 0.023167,  0.05253, 0.034643,0,0.000484,0,0,0,0,0, 0.014530,0,0,0,0,0,0.001700,0,0,0,0,0,0,0,0,0,0,0, 0.017163, 0.024466,0,0,0,0, 0.008636,0,0,0,0,13.638094,0,0,0,0,44.445152,100.77753,66.461266,0,0.929268,0,0,0,0,0,27.875882,0,0,0,0,0,3.261006,0,0,0,0,0,0,0,0,0,0,0,32.926859,46.938533,0,0,0,0,16.567105,0,0,0,0
blauwbandgrondel,"Pseudorasbora parva Temminck & Schlegel, 1846",0.107769,0.009763,0.000369,0,0, 0.022153,0.001755,0.005974,0.000007,0.001304,0,0,0,0,0, 0.006269,0,0,0,0,0,0.056329,0,0,0,0,0,0,0,0,0,0,0,0.002058, 0.001787,0,0,0,0,0,0,0,0,0,0.002649,0.001282,0.000812,0,0, 0.009701,0.001508,0.005460,0.000021,0.000401,0,0,0,0,0, 0.006484,0,0,0,0,0,0.002931,0,0,0,0,0,0,0,0,0,0,0,0.005344, 0.011414,0,0,0,0,0,0,0,0,0,4.659285,2.254497,1.428049,0,0,17.060663,2.651367,9.602635,0.036539,0.705474,0,0,0,0,0,11.402389,0,0,0,0,0,5.155301,0,0,0,0,0,0,0,0,0,0,0,9.398106,20.073642,0,0,0,0,0,0,0,0,0
struikaster,Baccharis halimifolia L.,0.424038,0.025265, 0.005952,0.000088,0.004088,0,0,0,0,0,0,0,0,0,0.008741, 0.008296,0,0,0,0,0,0,0.011718, 0.004346, 0.000665,  0.008006,  0.093656,  0.103415,  0.110149,  0.030013, 0.005643, 0.003998,0,0,0,0,0,0,0,0,0,0,0,0,0.002426,0.002196, 0.008667,0.000013,0.001024,0,0,0,0,0,0,0,0,0,0.000952, 0.005681,0,0,0,0,0,0,0.002798, 0.023481, 0.015222,  0.144591,  0.072884,  0.041908,  0.056576,  0.073783, 0.006709, 0.016144,0,0,0,0,0,0,0,0,0,0,0,0,6.444010,5.834227,23.020259,0.035619,2.718695,0,0,0,0,0,0,0,0,0,2.529050,15.088877,0,0,0,0,0,0,7.431079,62.369376,40.433940,384.065371,193.594744,111.317456,150.278220,195.985182,17.819866,42.882970,0,0,0,0,0,0,0,0,0,0,0,0
zwartbekgrondel,"Neogobius melanostomus (Pallas, 1814)",0.120808, 0.047715,0.000103,0,0,0.009542, 0.011471, 0.011654,0,0,0,0,0,0,0, 0.009216,0,0,0,0,0,0.015372,0,0,0,0,0,0,0,0,0,0,0, 0.012572, 0.003163,0,0,0,0,0,0,0,0,0,0.002243, 0.004732,0.000171,0,0,0.003156, 0.007443, 0.008045,0,0,0,0,0,0,0, 0.007199,0,0,0,0,0,0.000604,0,0,0,0,0,0,0,0,0,0,0, 0.024656, 0.015257,0,0,0,0,0,0,0,0,0,5.223022,11.018346,0.398044,0,0,7.348394,17.329408,18.731382,0,0,0,0,0,0,0,16.762410,0,0,0,0,0,1.406905,0,0,0,0,0,0,0,0,0,0,0,57.410274,35.525384,0,0,0,0,0,0,0,0,0
Amerikaanse stierkikker,"Lithobates (Rana) catesbeianus Shaw, 1802",0.169391,0,0,0.000642,0.008578,0.012210,0.001726,0.005138,0,0.000990,0.000207,0.003353, 0.002426,0.008012,0.011988, 0.008946,0,0.013265,0,0.003358,0.009828,0.076681,0,0,0,0,0,0,0,0,0,0,0,0.001942,0,0,0,0,0,0,0,0.000099,0,0,0.001643,0,0,0.000158,0.003466,0.005713,0.001584,0.005017,0,0.000325,0.000029,0.001477, 0.008171,0.004460,0.002107, 0.009885,0,0.000493,0,0.000541,0.001204,0.004263,0,0,0,0,0,0,0,0,0,0,0,0.005388,0,0,0,0,0,0,0,0.004061,0,0,2.703825,0,0,0.259895,5.705395,9.403452,2.608111,8.257563,0,0.535369,0.047930,2.431779,13.449631,7.341428,3.468588,16.272080,0,0.811391,0,0.890837,1.982608,7.018025,0,0,0,0,0,0,0,0,0,0,0,8.868901,0,0,0,0,0,0,0,6.684475,0,0
beverrat,"Myocastor coypus Molina, 1782",0.331358,0,0,0,0, 0.059541, 0.018493, 0.052635,0,0.004389,0.000254,0.000165,0,0.002197,0.024771, 0.014748, 0.004389,0.008529,0,0.002972,0.009305,0.018625,0,0,0,0,0,0,0,0,0,0,0, 0.018523,  0.085855,0,  0.005967,0,0,0,0,0,0,0,0.001421,0,0,0,0, 0.012324, 0.007508, 0.022736,0,0.000638,0.000016,0.000032,0,0.000541,0.001926, 0.007209, 0.006608,0.000140,0,0.000212,0.000504,0.000458,0,0,0,0,0,0,0,0,0,0,0, 0.022732,  0.259192,0,  0.073801,0,0,0,0,0,0,0,5.289147,0,0,0,0,45.854896,27.937032,84.599742,0,2.374370,0.058795,0.120015,0,2.012888,7.167049,26.824013,24.588712,0.521703,0,0.788493,1.877114,1.704557,0,0,0,0,0,0,0,0,0,0,0,84.581758,964.425539,0,274.604042,0,0,0,0,0,0,0
moerashyacint,Pontederia cordata L.,0.106356,0,0,0,0, 0.026633,0, 0.009655,0.001143,0.000289,0,0,0,0,0,0.003737,0.000024,0,0,0,0,0.063816,0,0,0,0,0,0,0,0,0,0.000098,0,0.000961,0,0,0,0,0,0,0,0,0,0,0.002206,0,0,0,0, 0.007171,0, 0.005426,0.002002,0.000055,0,0,0,0,0,0.002376,0.000047,0,0,0,0,0.002042,0,0,0,0,0,0,0,0,0,0.000366,0,0.001534,0,0,0,0,0,0,0,0,0,0,6.309330,0,0,0,0,20.511452,0,15.518435,5.726322,0.156504,0,0,0,0,0,6.796297,0.134482,0,0,0,0,5.840562,0,0,0,0,0,0,0,0,0,1.046247,0,4.388777,0,0,0,0,0,0,0,0,0,0
vijfbladige wingerd,Parthenocissus quinquefolia (L.) Planch.,0.110728,0,0,0.001843,0.000939,0,0,0,0,0,0.010724,0.009289,0,0.002325,0.007422,0.000288,0,0.036410,0,0,0.002697,0.016009,0,0,0,0, 0.005529,0.003207, 0.008528,0.000023, 0.004020,0.000002,0,0,0,0,0,  0.001474,0,0,0,0,0,0,0.000456,0,0,0.000183,0.000153,0,0,0,0,0,0.000609,0.001654,0,0.000523,0.000527,0.000129,0,0.000547,0,0,0.000134,0.000360,0,0,0,0, 0.002806,0.000847, 0.002856,0.000036, 0.003116,0.000004,0,0,0,0,0,  0.025395,0,0,0,0,0,0,1.859359,0,0,0.746323,0.624377,0,0,0,0,0,2.481771,6.736357,0,2.130072,2.147288,0.524727,0,2.227182,0,0,0.543985,1.465184,0,0,0,0,11.429509,3.451882,11.634974,0.147907,12.693779,0.017520,0,0,0,0,0,103.449486,0,0,0,0,0,0
valse wingerd,Parthenocissus inserta (A.Kern.) Fritsch,0.121123,0,0,0.004139,0.001560,0,0,0,0,0.001248,0.003100,0.004267,0,0.003451,0.012820,0.000231,0.000392,0.024676,0.002240,0.002196,0.011245,0.023947,0,0,0,0.000120, 0.007995,0.006049, 0.007782,0.001473,0.001590,0.000498,0,0,0,0,0,0.000105,0,0,0,0,0,0,0.001143,0,0,0.000942,0.000583,0,0,0,0,0.000379,0.000403,0.001739,0,0.001777,0.002085,0.000236,0.001234,0.000848,0.000383,0.000327,0.001275,0.001232,0,0,0,0.003248, 0.009289,0.003660, 0.005968,0.005407,0.002823,0.003003,0,0,0,0,0,0.004124,0,0,0,0,0,0,2.033922,0,0,1.675929,1.037459,0,0,0,0,0.675039,0.717440,3.094261,0,3.161839,3.709172,0.420445,2.194606,1.509411,0.682261,0.582560,2.268472,2.191665,0,0,0,5.778447,16.525717,6.510954,10.616729,9.619324,5.022571,5.342842,0,0,0,0,0,7.337067,0,0,0,0,0,0
Afghaanse duizendknoop,Koenigia polystachya (Wall. ex Meisn.) T.M.Schust. & Reveal,0.185516,0,0,0.015600,0.000000,0,0,0,0,0,0,0.000938,0,0,0,0,0,0.073015,0.011367,0,0.025483,0.057754,0,0,0,0,0,0.000056,0,0,0.001303,0,0,0,0,0,0,0,0,0,0,0,0,0,0.000294,0,0,0.000597,0.000000,0,0,0,0,0,0,0.000064,0,0,0,0,0,0.000422,0.000327,0,0.000486,0.000499,0,0,0,0,0,0.000006,0,0,0.000389,0,0,0,0,0,0,0,0,0,0,0,0,0,3.115217,0,0,6.316203,0.000299,0,0,0,0,0,0,0.680258,0,0,0,0,0,4.466261,3.461911,0,5.140573,5.285731,0,0,0,0,0,0.060290,0,0,4.116145,0,0,0,0,0,0,0,0,0,0,0,0,0
grote waterteunisbloem,Ludwigia grandiflora (Michx.) Greuter & Burdet,0.061100,0,0,0,0,0.010659, 0.015298,0.005451,0.000377,0.002385,0,0,0,0,0,0.004740,0.000138,0,0,0,0,0.018175,0,0,0,0,0,0,0,0,0,0,0, 0.003589,0.000002,0,0,0,0,0,0.000285,0,0,0,0.007510,0,0,0,0,0.017008, 0.047885,0.018152,0.003915,0.002674,0,0,0,0,0,0.017864,0.001605,0,0,0,0,0.003447,0,0,0,0,0,0,0,0,0,0,0, 0.033956,0.000057,0,0,0,0,0,0.004134,0,0,0,3.624622,0,0,0,0,8.208618,23.110848,8.760580,1.889516,1.290338,0,0,0,0,0,8.621597,0.774821,0,0,0,0,1.663434,0,0,0,0,0,0,0,0,0,0,0,16.387988,0.027650,0,0,0,0,0,1.995348,0,0,0
wasbeer,"Procyon lotor L., 1758",0.266110,0,0,0,0,0,0,0,0,0.001007,0.004037,0.001210, 0.001974,0.002400,0.010201,0.001090,0,0.076825,0.007440,0.017359,0.014721, 0.127577,0,0,0,0,0,0,0.000261,0,0,0,0,0,0,0,0,0,0,0,0.000007,0,0,0,0.001242,0,0,0,0,0,0,0,0,0.000151,0.000260,0.000244, 0.003041,0.000611,0.000820,0.000551,0,0.001306,0.000630,0.001280,0.000825, 0.003245,0,0,0,0,0,0,0.000099,0,0,0,0,0,0,0,0,0,0,0,0.000014,0,0,0,4.468572,0,0,0,0,0,0,0,0,0.544723,0.934146,0.877664,10.941207,2.199512,2.951365,1.983402,0,4.699340,2.266056,4.605730,2.969693,11.676128,0,0,0,0,0,0,0.355425,0,0,0,0,0,0,0,0,0,0,0,0.051892,0,0,0
gele maskerbloem,Erythranthe guttata (DC.) G.L.Nesom,0.134921,0,0,0,0.000270,0,0,0,0,0.001224,0.005132,0.005248, 0.003137,0.006596,0.009972, 0.012220,0,0.023769,0.005558,0.008747,0.006942,0.043667,0,0,0,0,0,0,0,0,0,0,0,0,0,0,0,0,0,0,0,0,0.002439,0,0.000813,0,0,0,0.000064,0,0,0,0,0.000238,0.000426,0.001366, 0.006241,0.002169,0.001036, 0.007978,0,0.000522,0.000608,0.000833,0.000503,0.001435,0,0,0,0,0,0,0,0,0,0,0,0,0,0,0,0,0,0,0,0,0.002724,0,2.265615,0,0,0,0.179317,0,0,0,0,0.661981,1.187747,3.805927,17.387692,6.043431,2.885213,22.225315,0,1.453926,1.692734,2.320888,1.400481,3.996523,0,0,0,0,0,0,0,0,0,0,0,0,0,0,0,0,0,0,0,0,7.589771,0
rode Amerikaanse rivierkreeft,"Procambarus clarkii Girard, 1852",0.040215,0.002715, 0.006507,0,0,0.000604,0, 0.008494,0,0,0,0,0,0,0,0,0,0,0,0,0,0.020722,0, 0.001133,0,0,0,0,0,0,0,0,0,0.000041,0,0,0,0,0,0,0,0,0,0,0.001068,0.000385, 0.015465,0,0,0.000286,0, 0.008389,0,0,0,0,0,0,0,0,0,0,0,0,0,0.001165,0, 0.009992,0,0,0,0,0,0,0,0,0,0.000114,0,0,0,0,0,0,0,0,0,0,1.738674,0.626863,25.166065,0,0,0.465162,0,13.651998,0,0,0,0,0,0,0,0,0,0,0,0,0,1.896536,0,16.259387,0,0,0,0,0,0,0,0,0,0.185928,0,0,0,0,0,0,0,0,0,0
marmergrondel,"Proterorhinus semilunaris (Heckel, 1837)",0.206519,0.004144,0,0,0, 0.034202, 0.029350, 0.014818,0,0.006022,0,0,0,0,0,0,0,0,0,0,0,0.058959,0,0,0,0,0,0,0,0,0,0,0,  0.043932,  0.015092,0,0,0,0,0,0,0,0,0,0.000732,0.000078,0,0,0, 0.002158, 0.003633, 0.001951,0,0.000267,0,0,0,0,0,0,0,0,0,0,0,0.000442,0,0,0,0,0,0,0,0,0,0,0,  0.016437,  0.013891,0,0,0,0,0,0,0,0,0,8.928658,0.956876,0,0,0,26.340060,44.338615,23.816229,0,3.257541,0,0,0,0,0,0,0,0,0,0,0,5.396076,0,0,0,0,0,0,0,0,0,0,0,200.611897,169.534749,0,0,0,0,0,0,0,0,0
kleine waterteunisbloem,Ludwigia peploides (Kunth) P.H. Raven, 0.286370,0,0,0,0,0.004860,  0.277971,0.001894,0,0,0,0,0,0,0,0.001645,0,0,0,0,0,0,0,0,0,0,0,0,0,0,0,0,0,0,0,0,0,0,0,0,0,0,0,0, 0.001183,0,0,0,0,0.000261,  0.029234,0.000212,0,0,0,0,0,0,0,0.000208,0,0,0,0,0,0,0,0,0,0,0,0,0,0,0,0,0,0,0,0,0,0,0,0,0,0,0,0,16.988190,0,0,0,0,3.742702,419.926114,3.044372,0,0,0,0,0,0,0,2.991898,0,0,0,0,0,0,0,0,0,0,0,0,0,0,0,0,0,0,0,0,0,0,0,0,0,0,0,0
egeria,Elodea densa (Planch.) Casp.,0.039283,0,0,0,0, 0.028969,0,0.001135,0,0,0,0,0,0,0,0.005348,0,0,0,0,0,0.003831,0,0,0,0,0,0,0,0,0,0,0,0,0,0,0,0,0,0,0,0,0,0,0.000078,0,0,0,0, 0.001021,0,0.000083,0,0,0,0,0,0,0,0.000445,0,0,0,0,0,0.000016,0,0,0,0,0,0,0,0,0,0,0,0,0,0,0,0,0,0,0,0,0,0,1.698380,0,0,0,0,22.310517,0,1.823938,0,0,0,0,0,0,0,9.727155,0,0,0,0,0,0.350624,0,0,0,0,0,0,0,0,0,0,0,0,0,0,0,0,0,0,0,0,0,0
ongelijkbladig vederkruid,Myriophyllum heterophyllum Michaux,0.092233,0,0,0,0, 0.058522,0,0,0,0.005474,0,0,0,0,0,0,0,0,0,0,0,0.024206,0,0,0,0,0,0,0,0,0,0,0, 0.004032,0,0,0,0,0,0,0,0,0,0,0.000735,0,0,0,0, 0.006052,0,0,0,0.000398,0,0,0,0,0,0,0,0,0,0,0,0.000298,0,0,0,0,0,0,0,0,0,0,0, 0.002472,0,0,0,0,0,0,0,0,0,0,5.471523,0,0,0,0,45.069872,0,0,0,2.961238,0,0,0,0,0,0,0,0,0,0,0,2.215370,0,0,0,0,0,0,0,0,0,0,0,18.411357,0,0,0,0,0,0,0,0,0,0
Aziatische boomwurger,Celastrus orbiculatus Thunb.,0,0,0,0,0,0,0,0,0,0,0,0,0,0,0,0,0,0,0,0,0,0,0,0,0,0,0,0,0,0,0,0,0,0,0,0,0,0,0,0,0,0,0,0,0,0,0,0,0,0,0,0,0,0,0,0,0,0,0,0,0,0,0,0,0,0,0,0,0,0,0,0,0,0,0,0,0,0,0,0,0,0,0,0,0,0,0,0,0,0,0,0,0,0,0,0,0,0,0,0,0,0,0,0,0,0,0,0,0,0,0,0,0,0,0,0,0,0,0,0,0,0,0,0,0,0,0,0,0,0,0,0
zijdeplant,Asclepias syriaca L.,0.027724,0,0,0,0,0,0,0,0,0,0,0.002443,0,0,0.004281,0,0,0,0,0.000027,0.011579,0.009394,0,0,0,0,0,0,0,0,0,0,0,0,0,0,0,0,0,0,0,0,0,0,0.000031,0,0,0,0,0,0,0,0,0,0,0.000119,0,0,0.000083,0,0,0,0,0.000000,0.000157,0.000058,0,0,0,0,0,0,0,0,0,0,0,0,0,0,0,0,0,0,0,0,0,0,0.465548,0,0,0,0,0,0,0,0,0,0,1.771313,0,0,1.238574,0,0,0,0,0.007282,2.335893,0.859734,0,0,0,0,0,0,0,0,0,0,0,0,0,0,0,0,0,0,0,0,0,0
waterhyacint,Eichhornia crassipes (Martius) Solms, 0.207119,0,0,0,0, 0.023225,0,0,  0.023225,0,0,0,0,0,0,0,0,0,0,0,0,0.106599,0,0,0,0,0,0,0,0,0,0,0,  0.054069,0,0,0,0,0,0,0,0,0,0, 0.000309,0,0,0,0, 0.000450,0,0,  0.002924,0,0,0,0,0,0,0,0,0,0,0,0,0.000245,0,0,0,0,0,0,0,0,0,0,0,  0.006206,0,0,0,0,0,0,0,0,0,0,12.286813,0,0,0,0,17.886661,0,0,116.311624,0,0,0,0,0,0,0,0,0,0,0,0,9.756190,0,0,0,0,0,0,0,0,0,0,0,246.901018,0,0,0,0,0,0,0,0,0,0
watersla,Pistia stratiotes L.,0.096605,0,0,0,0,0,0, 0.007183,0,0,0,0,0,0,0,0.000404,0,0,0,0,0,0.055403,0,0,0,0,0,0,0,0,0,0,0,  0.033615,0,0,0,0,0,0,0,0,0,0,0.000482,0,0,0,0,0,0, 0.000970,0,0,0,0,0,0,0,0.000062,0,0,0,0,0,0.000426,0,0,0,0,0,0,0,0,0,0,0,  0.012903,0,0,0,0,0,0,0,0,0,0,5.730853,0,0,0,0,0,0,11.545421,0,0,0,0,0,0,0,0.734094,0,0,0,0,0,5.070621,0,0,0,0,0,0,0,0,0,0,0,153.499292,0,0,0,0,0,0,0,0,0,0
Californische rivierkreeft,"Pacifastacus leniusculus Dana, 1852",0,0,0,0,0,0,0,0,0,0,0,0,0,0,0,0,0,0,0,0,0,0,0,0,0,0,0,0,0,0,0,0,0,0,0,0,0,0,0,0,0,0,0,0,0,0,0,0,0,0,0,0,0,0,0,0,0,0,0,0,0,0,0,0,0,0,0,0,0,0,0,0,0,0,0,0,0,0,0,0,0,0,0,0,0,0,0,0,0,0,0,0,0,0,0,0,0,0,0,0,0,0,0,0,0,0,0,0,0,0,0,0,0,0,0,0,0,0,0,0,0,0,0,0,0,0,0,0,0,0,0,0
gestreepte Amerikaanse rivierkreeft,"Procambarus acutus (Girard, 1852)",0.087673,0,0,0,0, 0.058694,0,0.000862,0,0.002552,0,0,0,0,0, 0.006494,0,0,0,0,0,0.019071,0,0,0,0,0,0,0,0,0,0,0,0,0,0,0,0,0,0,0,0,0,0,0.000472,0,0,0,0, 0.004099,0,0.000126,0,0.000125,0,0,0,0,0, 0.001071,0,0,0,0,0,0.000158,0,0,0,0,0,0,0,0,0,0,0,0,0,0,0,0,0,0,0,0,0,0,5.200962,0,0,0,0,45.202615,0,1.385405,0,1.380677,0,0,0,0,0,11.811247,0,0,0,0,0,1.745372,0,0,0,0,0,0,0,0,0,0,0,0,0,0,0,0,0,0,0,0,0,0
Kaapse waterlelie,Aponogeton distachyos L.f.,0.062392,0,0,0,0, 0.028765,0,0.000348,0,0,0,0,0,0,0, 0.005656,0,0,0,0,0,0.026825,0,0,0,0,0,0,0,0,0,0,0,0.000799,0,0,0,0,0,0,0,0,0,0,0.000405,0,0,0,0, 0.002425,0,0.000061,0,0,0,0,0,0,0, 0.001126,0,0,0,0,0,0.000269,0,0,0,0,0,0,0,0,0,0,0,0.000399,0,0,0,0,0,0,0,0,0,0,3.701266,0,0,0,0,22.152722,0,0.558595,0,0,0,0,0,0,0,10.287033,0,0,0,0,0,2.455102,0,0,0,0,0,0,0,0,0,0,0,3.648857,0,0,0,0,0,0,0,0,0,0
grijze eekhoorn,"Sciurus carolinensis Gmelin, 1788",0.149613,0,0,0,0,0,0,0,0,0,0,0,0,0,0,0,0,0,0,0,0, 0.149613,0,0,0,0,0,0,0,0,0,0,0,0,0,0,0,0,0,0,0,0,0,0,0.000035,0,0,0,0,0,0,0,0,0,0,0,0,0,0,0,0,0,0,0,0, 0.000190,0,0,0,0,0,0,0,0,0,0,0,0,0,0,0,0,0,0,0,0,0,0,2.512331,0,0,0,0,0,0,0,0,0,0,0,0,0,0,0,0,0,0,0,0,13.692889,0,0,0,0,0,0,0,0,0,0,0,0,0,0,0,0,0,0,0,0,0,0
Mantsjoerese wilde rijst,Zizania latifolia (Griseb.) Hance ex F.Muell.,0,0,0,0,0,0,0,0,0,0,0,0,0,0,0,0,0,0,0,0,0,0,0,0,0,0,0,0,0,0,0,0,0,0,0,0,0,0,0,0,0,0,0,0,0,0,0,0,0,0,0,0,0,0,0,0,0,0,0,0,0,0,0,0,0,0,0,0,0,0,0,0,0,0,0,0,0,0,0,0,0,0,0,0,0,0,0,0,0,0,0,0,0,0,0,0,0,0,0,0,0,0,0,0,0,0,0,0,0,0,0,0,0,0,0,0,0,0,0,0,0,0,0,0,0,0,0,0,0,0,0,0
Pallas' eekhoorn,"Callosciurus erythraeus Pallas, 1779",0,0,0,0,0,0,0,0,0,0,0,0,0,0,0,0,0,0,0,0,0,0,0,0,0,0,0,0,0,0,0,0,0,0,0,0,0,0,0,0,0,0,0,0,0,0,0,0,0,0,0,0,0,0,0,0,0,0,0,0,0,0,0,0,0,0,0,0,0,0,0,0,0,0,0,0,0,0,0,0,0,0,0,0,0,0,0,0,0,0,0,0,0,0,0,0,0,0,0,0,0,0,0,0,0,0,0,0,0,0,0,0,0,0,0,0,0,0,0,0,0,0,0,0,0,0,0,0,0,0,0,0
moerasaronskelk,Lysichiton americanus Hultén & H. St. John,0.388388,0,0,0,0,0.004113,0.000851,0.000007,0.001404,0.008339,0.002916,0.002686,0,0.000003,0.004999, 0.009531,0,0.045357, 0.147030,0.002288,0.000985,0.055011,0,0,0,0,0,0,0,0,0,0,0,0.000732,0,0,0,0,0,0,  0.102135,0,0,0,0.000725,0,0,0,0,0.000371,0.000150,0.000001,0.000823,0.000528,0.000079,0.000228,0,0.000000,0.000169, 0.002028,0,0.000325, 0.005239,0.000071,0.000023,0.000589,0,0,0,0,0,0,0,0,0,0,0,0.000391,0,0,0,0,0,0,  0.083589,0,0,0,6.199469,0,0,0,0,3.167747,1.285732,0.010808,7.033521,4.511169,0.674755,1.948182,0,0.002481,1.446488,17.334444,0,2.774463,44.779994,0.607191,0.198653,5.034722,0,0,0,0,0,0,0,0,0,0,0,3.341030,0,0,0,0,0,0,714.422742,0,0,0
waterwaaier,Cabomba caroliniana Gray,0.108206,0,0,0,0,0.012523, 0.012523,0,0,0,0,0,0,0,0,0,0,0,0,0,0,0.022178,0,0,0,0,0,0,0,0,0,0,0,  0.041376,  0.019606,0,0,0,0,0,0,0,0,0,0.000147,0,0,0,0,0.000221, 0.000434,0,0,0,0,0,0,0,0,0,0,0,0,0,0,0.000047,0,0,0,0,0,0,0,0,0,0,0,  0.004335,  0.005053,0,0,0,0,0,0,0,0,0,6.419075,0,0,0,0,9.644796,18.918922,0,0,0,0,0,0,0,0,0,0,0,0,0,0,2.029759,0,0,0,0,0,0,0,0,0,0,0,188.937438,220.239915,0,0,0,0,0,0,0,0,0
Chinese moerasslak,"Cipangopaludina chinensis (J.E.Gray, 1833)", 0.394900,0,0,0,0,  0.252063, 0.021568,  0.079402,0,0,0,0,0,0,0,0,0,0,0,0,0,0.010257,0,0,0,0,0,0,0,0,0,0,0,  0.03161,0,0,0,0,0,0,0,0,0,0, 0.000216,0,0,0,0,  0.001789, 0.000300,  0.001176,0,0,0,0,0,0,0,0,0,0,0,0,0,0.000009,0,0,0,0,0,0,0,0,0,0,0,  0.00133,0,0,0,0,0,0,0,0,0,0,23.426479,0,0,0,0,194.124165,32.582324,127.621819,0,0,0,0,0,0,0,0,0,0,0,0,0,0.938778,0,0,0,0,0,0,0,0,0,0,0,144.34196,0,0,0,0,0,0,0,0,0,0
Kesslergrondel,"Ponticola kessleri (Günther, 1861)",0.165064,0,0,0,0,0,0,0,0,0,0,0,0,0,0,0,0,0,0,0,0,0.007033,0,0,0,0,0,0,0,0,0,0,0,  0.138305,  0.019725,0,0,0,0,0,0,0,0,0,0.000131,0,0,0,0,0,0,0,0,0,0,0,0,0,0,0,0,0,0,0,0,0.000012,0,0,0,0,0,0,0,0,0,0,0,  0.011574,  0.004061,0,0,0,0,0,0,0,0,0,7.136399,0,0,0,0,0,0,0,0,0,0,0,0,0,0,0,0,0,0,0,0,0.643691,0,0,0,0,0,0,0,0,0,0,0,631.556942,221.580928,0,0,0,0,0,0,0,0,0
wasbeerhond,"Nyctereutes procyonoides Gray, 1834",0.070602,0,0,0,0,0,0,0,0,0,0,0,0,0,0.004764,0,0,0.065837,0,0,0,0,0,0,0,0,0,0,0,0,0,0,0,0,0,0,0,0,0,0,0,0,0,0,0.000005,0,0,0,0,0,0,0,0,0,0,0,0,0,0.000006,0,0,0.000019,0,0,0,0,0,0,0,0,0,0,0,0,0,0,0,0,0,0,0,0,0,0,0,0,0,0,1.185557,0,0,0,0,0,0,0,0,0,0,0,0,0,1.378469,0,0,4.027215,0,0,0,0,0,0,0,0,0,0,0,0,0,0,0,0,0,0,0,0,0,0,0,0,0,0
Aziatische hoornaar (soort),"Vespa velutina Lepeletier, 1836",0.035698,0,0,0.000072,0.000104,0,0,0,0,0.000044,0.000232,0.000300,0.000043,0.000669,0.002108,0.000054,0.000000,0.010179,0.005146,0.002092,0.000670,0.006958,0,0,0,0.000008,0.000917,0.001621,0.001618,0.000515,0.001114,0.000170,0,0,0,0,0,0, 0.000014,0.000000,0.001011,0.000001,0.000000,0.000038,0.027313,0,0,0.001321,0.003137,0,0,0,0,0.001079,0.002441,0.009905,0.010977,0.027938,0.027795,0.004490,0.000013,0.028370,0.071411,0.025287,0.006157,0.029017,0,0,0,0.017083,0.086347,0.079504,0.100573,0.153332,0.160297,0.083222,0,0,0,0,0,0, 0.617292,0.004426,0.322137,0.004378,0.000037,0.117901,0.599455,0,0,0.028991,0.068845,0,0,0,0,0.023672,0.053584,0.217382,0.240928,0.613176,0.610032,0.098539,0.000284,0.622653,1.567306,0.554996,0.135139,0.636856,0,0,0,0.374920,1.895102,1.744927,2.207339,3.365267,3.518133,1.826517,0,0,0,0,0,0,13.548069,0.097136,7.070125,0.096093,0.000820,2.587651
Leidse plant,Saururus cernuus L.,0.093850,0,0,0,0,0.003811,0,0,0,0,0,0,0,0,0,0,0,0,0,0,0,0.090039,0,0,0,0,0,0,0,0,0,0,0,0,0,0,0,0,0,0,0,0,0,0,0.000026,0,0,0,0,0.000051,0,0,0,0,0,0,0,0,0,0,0,0,0,0,0,0.000143,0,0,0,0,0,0,0,0,0,0,0,0,0,0,0,0,0,0,0,0,0,0,1.498044,0,0,0,0,2.935222,0,0,0,0,0,0,0,0,0,0,0,0,0,0,0,8.240564,0,0,0,0,0,0,0,0,0,0,0,0,0,0,0,0,0,0,0,0,0,0
treurmaina,"Acridotheres tristis Linnaeus, 1766",0.008537,0,0,0,0,0,0,0,0,0,0,0,0,0,0.008537,0,0,0,0,0,0,0,0,0,0,0,0,0,0,0,0,0,0,0,0,0,0,0,0,0,0,0,0,0,0.000001,0,0,0,0,0,0,0,0,0,0,0,0,0,0.000017,0,0,0,0,0,0,0,0,0,0,0,0,0,0,0,0,0,0,0,0,0,0,0,0,0,0,0,0,0,0.143347,0,0,0,0,0,0,0,0,0,0,0,0,0,2.469858,0,0,0,0,0,0,0,0,0,0,0,0,0,0,0,0,0,0,0,0,0,0,0,0,0,0,0,0,0
moerasanemoon,Houttuynia cordata Thunb.,0.018835,0,0,0,0,0, 0.007286,0.001252,0,0,0,0,0,0,0,0,0,0,0,0,0,0.010298,0,0,0,0,0,0,0,0,0,0,0,0,0,0,0,0,0,0,0,0,0,0,0.000099,0,0,0,0,0, 0.000977,0.000179,0,0,0,0,0,0,0,0,0,0,0,0,0,0.000084,0,0,0,0,0,0,0,0,0,0,0,0,0,0,0,0,0,0,0,0,0,0,1.117353,0,0,0,0,0,11.007127,2.011531,0,0,0,0,0,0,0,0,0,0,0,0,0,0.942450,0,0,0,0,0,0,0,0,0,0,0,0,0,0,0,0,0,0,0,0,0,0
Turkse rivierkreeft,"Pontastacus leptodactylus (Eschscholtz, 1823)",0.117845,0,0,0,0,0, 0.024119,0,0,0,0,0,0,0,0,0,0,0,0,0,0,0,0,0,0,0,0,0,0,0,0,0,0,0,0,0,0,0,0,0,  0.093726,0,0,0,0.000125,0,0,0,0,0, 0.000896,0,0,0,0,0,0,0,0,0,0,0,0,0,0,0,0,0,0,0,0,0,0,0,0,0,0,0,0,0,0,0,0,0,  0.016117,0,0,0,5.094947,0,0,0,0,0,36.436564,0,0,0,0,0,0,0,0,0,0,0,0,0,0,0,0,0,0,0,0,0,0,0,0,0,0,0,0,0,0,0,0,0,655.600880,0,0,0
marmerkreeft,"Procambarus virginalis Lyko, 2017",0.008278,0,0,0,0,0,0,0,0,0,0,0,0,0,0,0.001878,0,0,0,0,0,0.004331,0,0,0,0,0,0,0,0,0,0,0,0.002068,0,0,0,0,0,0,0,0,0,0,0.000018,0,0,0,0,0,0,0,0,0,0,0,0,0,0,0.000124,0,0,0,0,0,0.000014,0,0,0,0,0,0,0,0,0,0,0,0.000342,0,0,0,0,0,0,0,0,0,0,0.491042,0,0,0,0,0,0,0,0,0,0,0,0,0,0,3.416493,0,0,0,0,0,0.396354,0,0,0,0,0,0,0,0,0,0,0,9.445122,0,0,0,0,0,0,0,0,0,0
sikahert,"Cervus nippon Temminck, 1838",0.081645,0,0,0,0,0,0,0,0,0.008448,0.004615, 0.016921,0,0,0.001231,0, 0.008324,0.013676,0,0.005047,0.001110,0.022274,0,0,0,0,0,0,0,0,0,0,0,0,0,0,0,0,0,0,0,0,0,0,0.000121,0,0,0,0,0,0,0,0,0.000404,0.000094, 0.001084,0,0,0.000031,0, 0.004119,0.000074,0,0.000118,0.000020,0.000180,0,0,0,0,0,0,0,0,0,0,0,0,0,0,0,0,0,0,0,0,0,0,1.370997,0,0,0,0,0,0,0,0,4.570030,1.067987,12.270481,0,0,0.356084,0,46.631750,0.836543,0,1.339098,0.223893,2.038553,0,0,0,0,0,0,0,0,0,0,0,0,0,0,0,0,0,0,0,0,0,0
Amerikaanse voseekhoorn,"Sciurus niger L., 1758",0,0,0,0,0,0,0,0,0,0,0,0,0,0,0,0,0,0,0,0,0,0,0,0,0,0,0,0,0,0,0,0,0,0,0,0,0,0,0,0,0,0,0,0,0,0,0,0,0,0,0,0,0,0,0,0,0,0,0,0,0,0,0,0,0,0,0,0,0,0,0,0,0,0,0,0,0,0,0,0,0,0,0,0,0,0,0,0,0,0,0,0,0,0,0,0,0,0,0,0,0,0,0,0,0,0,0,0,0,0,0,0,0,0,0,0,0,0,0,0,0,0,0,0,0,0,0,0,0,0,0,0
gewone gunnera,Gunnera tinctoria (Molina) Mirbel,0.007660,0,0,0,0,0,0,0,0,0,0,0,0,0,0,0,0,0,0,0.007660,0,0,0,0,0,0,0,0,0,0,0,0,0,0,0,0,0,0,0,0,0,0,0,0,0.000003,0,0,0,0,0,0,0,0,0,0,0,0,0,0,0,0,0,0,0.000047,0,0,0,0,0,0,0,0,0,0,0,0,0,0,0,0,0,0,0,0,0,0,0,0,0.128635,0,0,0,0,0,0,0,0,0,0,0,0,0,0,0,0,0,0,2.032507,0,0,0,0,0,0,0,0,0,0,0,0,0,0,0,0,0,0,0,0,0,0,0,0
Noord-Aziatische modderkruiper,"Misgurnus bipartitus (Sauvage & Dabry de Thiersant, 1874)", 0.282325,0,0,0,0,0,0,0,0,0,0,0,0,0,0,0,0,0,0,0,0, 0.282325,0,0,0,0,0,0,0,0,0,0,0,0,0,0,0,0,0,0,0,0,0,0, 0.000233,0,0,0,0,0,0,0,0,0,0,0,0,0,0,0,0,0,0,0,0, 0.000359,0,0,0,0,0,0,0,0,0,0,0,0,0,0,0,0,0,0,0,0,0,0,16.748212,0,0,0,0,0,0,0,0,0,0,0,0,0,0,0,0,0,0,0,0,25.838926,0,0,0,0,0,0,0,0,0,0,0,0,0,0,0,0,0,0,0,0,0,0
Japans steltgras,Microstegium vimineum (Trin.) A. Camus,0,0,0,0,0,0,0,0,0,0,0,0,0,0,0,0,0,0,0,0,0,0,0,0,0,0,0,0,0,0,0,0,0,0,0,0,0,0,0,0,0,0,0,0,0,0,0,0,0,0,0,0,0,0,0,0,0,0,0,0,0,0,0,0,0,0,0,0,0,0,0,0,0,0,0,0,0,0,0,0,0,0,0,0,0,0,0,0,0,0,0,0,0,0,0,0,0,0,0,0,0,0,0,0,0,0,0,0,0,0,0,0,0,0,0,0,0,0,0,0,0,0,0,0,0,0,0,0,0,0,0,0
Pontische stroomgrondel,"Neogobius fluviatilis (Pallas, 1814)",0.173658, 0.167612,0,0,0,0,0,0,0,0,0,0,0,0,0,0,0,0,0,0,0,0.006046,0,0,0,0,0,0,0,0,0,0,0,0,0,0,0,0,0,0,0,0,0,0,0.000017, 0.000089,0,0,0,0,0,0,0,0,0,0,0,0,0,0,0,0,0,0,0,0.000001,0,0,0,0,0,0,0,0,0,0,0,0,0,0,0,0,0,0,0,0,0,0,7.507945,38.705194,0,0,0,0,0,0,0,0,0,0,0,0,0,0,0,0,0,0,0,0.553317,0,0,0,0,0,0,0,0,0,0,0,0,0,0,0,0,0,0,0,0,0,0
Afrikaanse klauwkikker,"Xenopus laevis (Daudin, 1802)",0,0,0,0,0,0,0,0,0,0,0,0,0,0,0,0,0,0,0,0,0,0,0,0,0,0,0,0,0,0,0,0,0,0,0,0,0,0,0,0,0,0,0,0,0,0,0,0,0,0,0,0,0,0,0,0,0,0,0,0,0,0,0,0,0,0,0,0,0,0,0,0,0,0,0,0,0,0,0,0,0,0,0,0,0,0,0,0,0,0,0,0,0,0,0,0,0,0,0,0,0,0,0,0,0,0,0,0,0,0,0,0,0,0,0,0,0,0,0,0,0,0,0,0,0,0,0,0,0,0,0,0
fraai lampenpoetsersgras,Cenchrus setaceus (Forssk.) Morrone,0,0,0,0,0,0,0,0,0,0,0,0,0,0,0,0,0,0,0,0,0,0,0,0,0,0,0,0,0,0,0,0,0,0,0,0,0,0,0,0,0,0,0,0,0,0,0,0,0,0,0,0,0,0,0,0,0,0,0,0,0,0,0,0,0,0,0,0,0,0,0,0,0,0,0,0,0,0,0,0,0,0,0,0,0,0,0,0,0,0,0,0,0,0,0,0,0,0,0,0,0,0,0,0,0,0,0,0,0,0,0,0,0,0,0,0,0,0,0,0,0,0,0,0,0,0,0,0,0,0,0,0
grote vlotvaren,Salvinia molesta D.S.Mitch.,0,0,0,0,0,0,0,0,0,0,0,0,0,0,0,0,0,0,0,0,0,0,0,0,0,0,0,0,0,0,0,0,0,0,0,0,0,0,0,0,0,0,0,0,0,0,0,0,0,0,0,0,0,0,0,0,0,0,0,0,0,0,0,0,0,0,0,0,0,0,0,0,0,0,0,0,0,0,0,0,0,0,0,0,0,0,0,0,0,0,0,0,0,0,0,0,0,0,0,0,0,0,0,0,0,0,0,0,0,0,0,0,0,0,0,0,0,0,0,0,0,0,0,0,0,0,0,0,0,0,0,0
